position,A,C,G,T
1,-0.05866666666666667,0.05466666666666664,0.015999999999999986,-0.01200000000000001
2,-0.061333333333333295,0.05600000000000002,0.05866666666666667,-0.053333333333333316
3,-0.04933333333333334,0.008000000000000007,0.07600000000000001,-0.03466666666666665
4,-0.029333333333333322,0.030666666666666648,0.04799999999999999,-0.04933333333333331
5,-0.068,0.05466666666666664,0.016000000000000014,-0.002666666666666706
6,-0.02799999999999997,0.04400000000000001,0.03466666666666668,-0.05066666666666664
7,-0.0040000000000000036,0.021333333333333343,0.03466666666666665,-0.05199999999999999
8,-0.02400000000000002,0.026666666666666672,0.02266666666666667,-0.025333333333333347
9,-0.006666666666666654,0.021333333333333315,0.0040000000000000036,-0.018666666666666692
10,-0.055999999999999994,0.01200000000000001,0.04000000000000001,0.0040000000000000036
11,-0.09066666666666667,0.0626666666666667,0.02533333333333332,0.0026666666666666505
12,-0.026666666666666672,0.038666666666666655,0.033333333333333326,-0.04533333333333331
13,-0.008000000000000007,0.04799999999999999,0.014666666666666661,-0.05466666666666667
14,-0.01599999999999996,0.043999999999999984,-0.013333333333333336,-0.014666666666666661
15,-0.033333333333333326,0.04799999999999999,0.04133333333333336,-0.055999999999999994
16,-0.009333333333333305,0.027999999999999997,-0.013333333333333308,-0.005333333333333357
17,0.018666666666666665,-0.016000000000000014,-0.025333333333333347,0.02266666666666667
18,0.030666666666666675,-0.027999999999999997,-0.05866666666666667,0.055999999999999994
19,0.046666666666666634,-0.026666666666666672,-0.04133333333333333,0.021333333333333315
20,-0.03866666666666668,0.032,-0.01999999999999999,0.026666666666666672
21,0.0040000000000000036,-0.005333333333333329,-0.0040000000000000036,0.005333333333333301
22,-0.020000000000000018,0.0013333333333333253,-0.0040000000000000036,0.02266666666666667
23,-0.014666666666666661,0.018666666666666665,0.0,-0.0040000000000000036
24,0.008000000000000007,-0.036000000000000004,-0.013333333333333336,0.04133333333333333
25,0.010666666666666658,-0.02533333333333332,0.013333333333333336,0.0013333333333332975
26,-0.016000000000000014,0.015999999999999986,0.04133333333333333,-0.04133333333333336
27,0.006666666666666654,-0.006666666666666654,-0.02400000000000002,0.023999999999999966
28,0.01200000000000001,-0.018666666666666665,-0.018666666666666665,0.02533333333333332
29,-0.030666666666666675,0.015999999999999986,-0.005333333333333329,0.020000000000000018
30,0.0,0.015999999999999986,-0.04933333333333337,0.033333333333333326
31,0.026666666666666672,-0.013333333333333336,-0.01200000000000001,-0.001333333333333353
32,-0.0026666666666666505,0.013333333333333336,0.008000000000000007,-0.018666666666666665
33,0.0040000000000000036,-0.0013333333333333253,-0.009333333333333332,0.006666666666666654
34,-0.005333333333333357,-0.010666666666666658,-0.02266666666666667,0.03866666666666663
35,0.023999999999999966,0.0040000000000000036,-0.016000000000000014,-0.01200000000000001
36,0.03733333333333333,-0.013333333333333336,-0.009333333333333332,-0.014666666666666661
37,0.010666666666666713,-0.02266666666666667,0.023999999999999994,-0.01200000000000001
38,-0.014666666666666661,0.04000000000000001,-0.027999999999999997,0.0026666666666666505
39,-0.02533333333333332,0.016000000000000014,0.0026666666666666783,0.00666666666666671
40,-0.0026666666666666505,-0.014666666666666689,0.023999999999999994,-0.006666666666666654
41,-0.02266666666666667,-0.01733333333333334,0.0040000000000000036,0.035999999999999976
42,-0.04666666666666669,0.008000000000000007,-0.005333333333333329,0.04400000000000001
43,0.02799999999999997,-0.018666666666666665,0.006666666666666654,-0.016000000000000014
44,0.03866666666666668,-0.04000000000000001,0.005333333333333329,-0.0040000000000000036
45,-0.03466666666666668,0.016000000000000014,0.01733333333333334,0.0013333333333332975
46,0.037333333333333385,0.0013333333333333253,0.0,-0.038666666666666655
47,0.009333333333333305,-0.0013333333333333253,0.00799999999999998,-0.015999999999999986
48,0.04666666666666669,-0.032,0.021333333333333343,-0.036000000000000004
49,-0.021333333333333315,0.033333333333333326,0.006666666666666682,-0.018666666666666665
50,-0.00933333333333336,-0.01200000000000001,-0.0026666666666666783,0.023999999999999994
51,0.02400000000000002,-0.018666666666666665,0.0040000000000000036,-0.009333333333333305
52,-0.005333333333333301,-0.001333333333333353,-0.023999999999999994,0.030666666666666675
53,-0.03866666666666668,0.018666666666666665,-0.030666666666666675,0.05066666666666669
54,0.005333333333333357,-0.028000000000000025,0.010666666666666685,0.011999999999999983
55,0.006666666666666654,-0.026666666666666672,-0.01733333333333334,0.03733333333333333
56,-0.020000000000000018,0.01733333333333331,0.0013333333333333253,0.001333333333333353
57,-0.042666666666666686,-0.05199999999999999,0.01200000000000001,0.08266666666666664
58,-0.02400000000000002,0.030666666666666675,-0.023999999999999994,0.01733333333333331
59,-0.0026666666666666505,0.011999999999999983,-0.026666666666666672,0.01733333333333331
60,0.0,-0.033333333333333326,0.01999999999999999,0.013333333333333336
