id,label,PC1,PC2
iB_13110,1,-3.253246,-2.1495764
iB_16279,1,-7.071946,-2.5104651
iB_15503,1,-6.2579417,-0.11425187
iB_03124,1,-6.5096774,0.7169216
iB_08349,1,-7.1404133,4.073272
iB_07144,1,-8.027863,-1.2485535
iB_04950,1,-7.34394,0.5575031
iB_00833,1,-7.5874996,1.5484829
iB_05776,1,-7.7254767,0.58137757
iB_07175,1,-7.2646356,2.5256748
iB_03389,1,-7.4829726,1.6082797
iB_15322,1,-6.260998,3.3012989
iB_05252,1,-5.6106067,-1.5032701
iB_09268,1,-7.424079,2.2980845
iB_05032,1,-7.2287946,1.6924273
iB_01818,1,-8.24391,0.011684428
iB_17493,1,-6.2700353,-1.4838535
iB_13390,1,-5.8291206,2.5707085
iB_12517,1,-3.066191,-3.0096087
iB_13441,1,-7.2852087,1.0066805
iB_16864,1,-4.930605,0.06448024
iB_09497,1,-5.3071246,-2.6145763
iB_14456,1,-1.687592,1.7004063
iB_12851,1,-3.0592601,-2.8904154
iB_00804,1,-8.024078,1.4655881
iB_07239,1,-7.7963076,-1.2000943
iB_13691,1,-6.032127,-4.184985
iB_09054,1,-5.766555,3.4720879
iB_15700,1,-6.83422,3.5076118
iB_10425,1,-7.055059,0.21021965
iB_10772,1,-0.34112585,-1.3615447
iB_13353,1,-7.944109,-0.18327583
iB_17210,1,-6.3234143,2.9347396
iB_05154,1,-7.5242505,1.0653356
iB_00742,1,-0.6032383,-1.9180171
iB_16737,1,-0.70429134,-3.2785008
iB_15131,1,-5.8483634,-3.5033474
iB_12996,1,-5.881407,2.81037
iB_05835,1,-6.778551,-2.556876
iB_15206,1,-6.069452,1.1758252
iB_08734,1,-7.703649,1.6858824
iB_16434,1,-4.5111747,4.6633153
iB_05242,1,-7.0918775,2.927743
iB_04363,1,-7.711106,0.50327873
iB_16984,1,-6.2440805,-4.6313543
iB_02679,1,-7.082234,2.5195434
iB_00189,1,-7.2122154,-0.2366947
iB_15788,1,-3.5077233,0.7399407
iB_15193,1,-6.9153647,-0.054293133
iB_04040,1,-7.870576,-0.41676134
iB_17175,1,-6.7799726,2.8032088
iB_09732,1,-5.7594314,0.7688229
iB_07348,1,-7.1865807,0.24993211
iB_09390,1,-5.538917,2.812335
iB_02302,1,-7.6578617,0.13080442
iB_10121,1,-6.477822,-0.017244898
iB_15201,1,-6.3918285,-1.1495413
iB_03437,1,-6.9155083,2.093471
iB_07236,1,-7.158206,3.7621129
iB_09421,1,-6.7602477,-0.29836914
iB_04407,1,-8.174963,0.8272968
iB_06707,1,-3.8586807,6.891796
iB_04020,1,-7.466032,-1.2750369
iB_14685,1,-6.4927435,2.0967524
iB_05319,1,-7.482201,2.6875525
iB_09457,1,-8.018941,-1.5387824
iB_09638,1,-7.6246295,-2.3239667
iB_07598,1,-7.0435686,4.05772
iB_02640,1,-6.2145066,0.05410848
iB_12270,1,-6.322512,3.0617783
iB_08629,1,-6.384282,-3.0468636
iB_01576,1,-7.7958674,0.76761395
iB_05311,1,-6.0381308,2.9552433
iB_00400,1,-8.154619,0.54347074
iB_01794,1,-7.1607175,-0.47360295
iB_06840,1,-4.2465076,4.7175903
iB_12347,1,-6.085714,2.7646587
iB_03027,1,-3.0303912,-2.5294077
iB_13895,1,-7.284948,-1.1204851
iB_09223,1,-6.94224,3.2512903
iB_09737,1,-4.2669196,0.28533107
iB_07376,1,-5.7083044,1.4405456
iB_01037,1,-8.076365,0.6908684
iB_06000,1,-8.566824,-1.7074609
iB_17488,1,-7.3928595,-0.36702687
iB_14231,1,-3.6972094,5.5552344
iB_16321,1,3.4473543,8.143123
iB_14955,1,-2.9938564,6.8332973
iB_06539,1,-7.8383803,1.0578488
iB_12648,1,3.0850396,0.02666041
iB_04495,1,-6.803734,4.680065
iB_15802,1,7.630884,-2.6177592
iB_02615,1,-7.535805,3.3344665
iB_06023,1,-8.054977,0.12183961
iB_12869,1,-2.7250373,-1.082674
iB_12521,1,-7.1918325,-0.39484894
iB_09462,1,-7.31029,-0.11180573
iB_04571,1,-4.6107354,-5.7348294
iB_17536,1,-5.1349573,-1.5180757
iB_13145,1,-3.3502345,-3.887049
iB_01099,1,-8.167428,-1.3215822
iB_01040,1,-7.815948,1.6186182
iB_10628,1,-6.533826,3.7331731
iB_15865,1,-8.105628,-0.1963149
iB_04319,1,-5.444658,3.398082
iB_09708,1,-3.5266197,3.7721949
iB_16371,1,-5.38276,3.8452961
iB_06247,1,-7.9009795,1.6418518
iB_00165,1,-6.4041357,1.6541127
iB_05226,1,-6.6659317,0.9852588
iB_01414,1,-8.328566,0.29176337
iB_06022,1,-1.39362,-2.4829419
iB_16666,1,1.3119711,-1.5667841
iB_00831,1,-7.8836794,-1.3349994
iB_10704,1,-6.0485787,1.0390689
iB_05821,1,-7.2651796,2.8418567
iB_14933,1,-6.2513375,-1.347173
iB_10295,1,-7.0475345,0.41948098
iB_17153,1,-2.0029523,7.165032
iB_08327,1,-7.627624,2.157447
iB_05378,1,-6.9908648,-0.14091952
iB_08503,1,-6.067431,0.6889332
iB_05934,1,-7.675862,-0.80425197
iB_15815,1,-7.678245,0.8322245
iB_17515,1,-6.726513,-4.1114397
iB_12548,1,-7.1488247,1.4720896
iB_16909,1,-5.597346,4.9152927
iB_00513,1,-7.6084557,-0.28963947
iB_13340,1,-8.011022,-3.8052282
iB_03472,1,-7.5585046,1.0078466
iB_16896,1,-6.8155212,-3.365094
iB_07872,1,-5.458569,-2.183147
iB_05536,1,-7.277877,1.1470789
iB_01088,1,-7.627192,-0.17159943
iB_16849,1,-0.1040151,-6.737795
iB_17197,1,-6.9806237,-1.3043292
iB_00034,1,-7.567784,1.7270641
iB_16457,1,-6.1565504,4.230865
iB_02269,1,-7.20627,0.4879643
iB_05803,1,-8.136664,0.32299235
iB_16243,1,4.8608117,-5.487906
iB_13992,1,-7.26869,-0.42460358
iB_14300,1,-3.4154136,7.9509273
iB_05789,1,-3.972324,0.18365611
iB_06688,1,-5.8496428,-1.7137882
iB_15879,1,-7.528829,0.7282608
iB_14909,1,-4.935503,-2.4794211
iB_02180,1,-6.100939,-1.4056457
iB_15692,1,-5.4377537,-0.63432956
iB_07312,1,-6.688013,1.9288396
iB_15384,1,-6.5938826,-0.63586205
iB_07512,1,-6.1547575,-3.412976
iB_15460,1,-6.2064743,3.2788026
iB_17490,1,-6.5511723,-4.036863
iB_10522,1,-6.462661,2.0615196
iB_17612,1,-5.2481065,-5.2652926
iB_13138,1,-4.6879873,1.5530941
iB_08386,1,-4.7192974,-3.7600088
iB_10555,1,-4.280697,-1.321483
iB_14075,1,-5.030847,-1.3786696
iB_13869,1,-5.960477,3.112247
iB_16223,1,-6.4947705,-1.6570804
iB_03730,1,-5.9602156,1.1135153
iB_06381,1,-7.782908,2.1445158
iB_16013,1,-5.7966666,1.484494
iB_17360,1,-3.3901289,3.2809708
iB_15804,1,-6.1829233,-2.7577372
iB_04215,1,-7.354986,-0.36449468
iB_09170,1,-6.866962,0.4682286
iB_05661,1,-6.7145066,-0.3365748
iB_01867,1,-7.2124295,1.0627127
iB_00229,1,-8.298814,-1.2608232
iB_12407,1,-7.673758,-0.71874833
iB_16374,1,-8.545798,-1.1563431
iB_04347,1,-7.9078255,-1.9531751
iB_02579,1,-7.553084,-0.8878717
iB_13367,1,-6.541097,-0.63476014
iB_01813,1,-0.63633746,-1.7340407
iB_08969,1,-5.123228,-2.7303224
iB_10959,1,-6.4368443,0.81273526
iB_00886,1,-6.895304,-2.878221
iB_02398,1,-7.134387,0.55887085
iB_13991,1,-4.8755107,4.0720787
iB_00737,1,-7.2869716,1.5980877
iB_15165,1,-7.0937133,0.4819242
iB_06952,1,-6.2768,-4.538092
iB_16397,1,-5.110974,1.5181068
iB_16813,1,-4.082077,-5.3216133
iB_08854,1,-6.8139505,-1.3681667
iB_01165,1,-6.7144475,-1.5163943
iB_06532,1,-7.067784,-1.7032552
iB_12255,1,-6.7617893,-1.0903369
iB_08963,1,-8.166873,-0.9964206
iB_01972,1,-4.119093,-2.1095107
iB_01889,1,-7.147735,3.4210076
iB_10169,1,-6.7377033,1.7385614
iB_03861,1,-8.197926,0.2435642
iB_03877,1,-7.8224225,0.90964913
iB_03344,1,-6.4303546,-0.8936851
iB_16413,1,-6.2555027,0.6353709
iB_01203,1,-6.463648,2.6062446
iB_14033,1,-4.301725,-6.7602286
iB_06426,1,-7.5926604,-1.0801032
iB_07637,1,-7.221657,-1.3118361
iB_01898,1,-8.1023655,0.61478394
iB_09925,1,-6.470335,-4.723931
iB_10337,1,-6.4042306,-1.7639774
iB_10890,1,-0.105325,-1.3779478
iB_04119,1,-8.510096,0.4898974
iB_16916,1,-3.7464917,2.2921844
iB_06329,1,-5.816092,1.6613375
iB_07001,1,-8.005708,-2.2045362
iB_05882,1,-5.798252,3.7020772
iB_17179,1,-4.411603,-0.86846757
iB_15233,1,-7.1371775,-0.23999734
iB_12243,1,1.6952811,-4.24067
iB_00062,1,-6.0974417,1.1228702
iB_12798,1,-8.194086,-1.4923702
iB_09779,1,-4.02786,4.008071
iB_07005,1,-6.831099,-3.4215844
iB_14706,1,-6.559577,1.6320131
iB_04620,1,-7.0696096,0.49326718
iB_03658,1,-4.8198004,4.834847
iB_01370,1,-4.2611456,-4.1425614
iB_15945,1,2.2364404,-1.5388589
iB_16487,1,-2.093546,1.130579
iB_16535,1,-4.3978224,-1.7879856
iB_10099,1,-6.806777,1.5928401
iB_03753,1,-7.299144,-0.97320443
iB_12460,1,-8.140508,0.05005773
iB_17382,1,-5.032921,2.2916956
iB_00975,1,-8.380954,-0.82493204
iB_12558,1,-6.3976393,2.2896063
iB_16332,1,-0.07790612,-0.80848193
iB_09588,1,-7.623134,0.9966946
iB_05599,1,-7.703415,2.9075973
iB_14224,1,-6.84089,1.6787323
iB_07400,1,-6.3556757,3.5728421
iB_09437,1,-6.63893,1.1506059
iB_17222,1,-6.0750213,3.6833608
iB_02815,1,-7.873283,1.669217
iB_15429,1,-7.37701,0.6646901
iB_14311,1,-7.305101,0.5261922
iB_07212,1,-3.6088057,-4.270128
iB_01839,1,-7.957407,0.6415013
iB_02682,1,-6.5191455,1.2171556
iB_15759,1,-7.8463707,-2.4876668
iB_17533,1,-2.951269,-1.7869112
iB_06762,1,0.25215688,-8.023208
iB_08301,1,-6.5168414,-1.7982756
iB_06780,1,-6.9251237,1.3122683
iB_04311,1,-8.286436,1.6691045
iB_12397,1,-7.591661,1.0993944
iB_06681,1,-6.831388,0.11027794
iB_15046,1,-2.5912466,-7.463193
iB_01634,1,-6.9574456,3.2340739
iB_14531,1,-7.038739,3.5429585
iB_02694,1,-6.543786,-2.3328507
iB_09924,1,-5.524589,-2.891805
iB_15793,1,-7.027077,-3.0541105
iB_10873,1,-6.54615,2.003187
iB_16431,1,-6.200062,-2.6266718
iB_05540,1,-5.3705945,3.572692
iB_06248,1,-7.8052983,-0.29870796
iB_14023,1,-7.8307133,-1.718543
iB_06379,1,-7.0148196,1.9921833
iB_03045,1,-8.043329,-1.3866948
iB_01152,1,-6.7863946,-1.8260599
iB_15317,1,-8.147277,-0.1504682
iB_01396,1,-7.6586723,-0.27785936
iB_07414,1,-3.6027584,-3.4239347
iB_17618,1,-6.405726,4.408552
iB_05943,1,-7.443571,0.11503168
iB_13343,1,-4.497763,-4.7808704
iB_07276,1,-7.927438,-1.611704
iB_06771,1,-6.4069705,-0.5452941
iB_13899,1,-6.3502483,-0.29040873
iB_17673,1,-4.7395396,-5.638134
iB_13232,1,-5.6071744,-0.90437186
iB_13147,1,-7.994334,-3.113193
iB_12363,1,-4.946888,0.18849704
iB_07167,1,-1.3311919,0.64898086
iB_13279,1,-6.3296576,1.968883
iB_01848,1,-7.1756773,1.2306178
iB_09718,1,-5.9631886,0.6146871
iB_09543,1,-6.585137,3.5767198
iB_16481,1,-8.609309,-0.84813136
iB_08796,1,-7.0392694,-1.020842
iB_16077,1,-8.253994,-2.6989858
iB_02243,1,-7.539279,1.7255754
iB_09453,1,-7.121725,-0.51030946
iB_15761,1,-4.527561,1.9286876
iB_14765,1,-7.7673664,-0.21196559
iB_17130,1,-5.0826015,1.854263
iB_05970,1,-7.3654094,3.8258464
iB_07333,1,-7.7578397,-1.6770554
iB_17199,1,-5.1670847,5.2478786
iB_16377,1,-1.2505366,-4.561218
iB_07188,1,0.81815696,-1.4784498
iB_03420,1,-8.195641,0.2678032
iB_13932,1,3.9834306,3.33687
iB_08239,1,-5.7092323,-0.54262406
iB_10859,1,-3.8093688,-3.6173913
iB_06028,1,-7.990486,0.438433
iB_14202,1,-6.825316,0.39809415
iB_10820,1,-1.722379,7.739601
iB_10926,1,-7.166531,0.35470697
iB_06829,1,-8.436236,-1.0717238
iB_09801,1,-7.1532063,1.2421529
iB_13171,1,-6.5565763,0.06316516
iB_12833,1,-6.5696583,-1.1022451
iB_05629,1,-7.4433413,0.911506
iB_05800,1,-7.2826304,-2.655882
iB_09630,1,-6.359565,0.9532768
iB_17192,1,-7.09977,3.409763
iB_16146,1,-4.8003645,5.3314347
iB_01149,1,-7.752338,0.5785483
iB_00779,1,-8.350145,-0.56079805
iB_03608,1,-8.312137,0.863486
iB_01720,1,-8.209368,-0.5124781
iB_05214,1,-3.9073062,-2.94036
iB_10402,1,-7.9341583,-0.30604488
iB_17085,1,-5.40222,-0.6721176
iB_00893,1,-6.726447,3.0466633
iB_10709,1,-4.2545185,1.9898053
iB_04350,1,-6.6209493,5.1030836
iB_03111,1,-6.7080526,0.084492356
iB_08055,1,-8.073104,-0.50148475
iB_01078,1,-5.168535,1.8258803
iB_16414,1,-5.8276105,0.4653641
iB_09330,1,-0.60589814,-5.1222954
iB_12281,1,-6.923434,1.0064145
iB_09175,1,-6.9259953,0.43497458
iB_10611,1,-5.728771,-0.39726216
iB_00331,1,-7.9439697,-0.62937695
iB_04452,1,-8.192277,0.9371518
iB_00627,1,-8.015017,1.433362
iB_15842,1,-0.15918182,-7.489591
iB_04595,1,-6.6815214,0.8071972
iB_03759,1,-5.874677,-2.1407797
iB_10566,1,-6.5860333,-1.5183603
iB_09739,1,-7.2541285,0.7328145
iB_16441,1,-5.5394163,2.9029033
iB_02658,1,-8.700457,-0.3083366
iB_12550,1,-3.2193031,-4.2680035
iB_01224,1,-7.2894835,2.2333326
iB_03334,1,-5.966037,2.001568
iB_13827,1,-6.36895,3.988031
iB_09551,1,-7.9071207,-2.1250324
iB_07440,1,-6.433672,3.3354385
iB_14385,1,-4.614857,-4.6705413
iB_12772,1,-5.493172,3.5030935
iB_14878,1,-7.3878727,0.4613695
iB_04987,1,-6.4285617,4.9204
iB_16891,1,-2.691155,-3.174109
iB_09366,1,-5.0926385,-1.3954818
iB_16908,1,-3.9393818,-3.2288055
iB_01141,1,-7.5342264,-1.2249212
iB_07706,1,-6.418722,2.4486005
iB_14976,1,-6.9096375,-0.9891835
iB_01427,1,-6.6872377,3.4272466
iB_15203,1,-6.5278106,-2.3489618
iB_15592,1,-5.772398,5.3636394
iB_02051,1,-7.4415674,-1.582108
iB_14078,1,-3.2387817,2.9146545
iB_03575,1,-8.151137,0.17471081
iB_01295,1,-7.7189703,1.2255818
iB_15824,1,-7.700506,-2.1554315
iB_17641,1,-7.645135,-0.9363937
iB_17347,1,-6.791957,-1.3916134
iB_05313,1,-6.716004,1.8428422
iB_17112,1,-4.4349933,3.994257
iB_02387,1,-7.689143,1.4713452
iB_17254,1,-0.55355424,0.51148194
iB_05129,1,-7.7860413,2.6028786
iB_13151,1,-7.11193,0.56012106
iB_10285,1,-5.5278645,3.2809055
iB_17629,1,-0.8217749,-1.6055337
iB_01362,1,-4.2736754,-5.2110457
iB_14425,1,-5.396781,3.4078214
iB_03708,1,-7.7467313,-1.1386367
iB_15292,1,-6.4049506,-0.97106725
iB_03025,1,-7.035597,0.86339134
iB_15890,1,-4.4603705,-3.4012818
iB_00219,1,-2.3856473,-2.2488155
iB_09401,1,-4.5687003,-7.560845
iB_15600,1,-2.0117846,4.722436
iB_12849,1,-6.2349286,-0.2929831
iB_17042,1,-6.9164762,-3.3060706
iB_03810,1,-7.1120453,3.8085809
iB_04460,1,-7.8899593,0.84638244
iB_10682,1,-5.941909,2.5833573
iB_05494,1,-6.996029,2.6029317
iB_10886,1,-6.198102,3.0583227
iB_06719,1,-7.636913,-2.9118962
iB_17672,1,-3.1168234,1.0926651
iB_06906,1,-6.300704,6.469729
iB_00678,1,-5.9217362,1.6497656
iB_15632,1,-4.518231,-0.78621745
iB_04623,1,-6.898561,1.3097974
iB_04650,1,-7.444542,0.64498645
iB_14941,1,-6.871281,2.021327
iB_03654,1,-8.334386,0.07497355
iB_16698,1,-3.9395943,1.727652
iB_06094,1,-7.699297,3.2879367
iB_01710,1,-7.828822,-1.6471334
iB_00384,1,-7.3214583,0.1741016
iB_13001,1,-6.2293024,4.458995
iB_08280,1,-7.762882,0.5536845
iB_00535,1,-7.8779955,0.55212253
iB_01743,1,-5.8822856,-3.3601763
iB_15831,1,0.39029774,5.737214
iB_06349,1,-7.5265517,1.8765144
iB_05595,1,-7.574193,0.26263157
iB_03931,1,-7.902133,-1.0377584
iB_16803,1,-1.7230096,4.7426233
iB_03220,1,-7.220944,1.8413411
iB_13228,1,1.768188,-7.382682
iB_01235,1,-5.7108154,-0.39665443
iB_04126,1,-7.1742,-0.51057464
iB_00603,1,-7.721337,1.0850818
iB_17064,1,-7.372671,1.157264
iB_13233,1,-6.6658187,2.7412674
iB_08927,1,-6.581058,0.9666569
iB_13601,1,-5.749364,-1.7949265
iB_02636,1,-5.116713,2.5848536
iB_00596,1,-8.178042,-1.3725331
iB_15574,1,-7.5723705,-0.06917615
iB_16268,1,-7.651586,1.2710762
iB_14409,1,-2.069978,-4.8321023
iB_04611,1,-7.1022015,1.2500148
iB_06553,1,-6.5514517,-0.41028336
iB_06274,1,-7.3214364,0.62469155
iB_10232,1,-7.387133,-1.1204604
iB_04969,1,-6.4274464,3.7340038
iB_05872,1,-7.2622128,3.4067614
iB_08809,1,-6.1637735,-0.11854457
iB_17560,1,2.085493,-3.6344972
iB_07287,1,-7.8746414,0.16458184
iB_00435,1,-7.186517,2.9308217
iB_01738,1,-7.544372,-2.760572
iB_09548,1,-7.0972614,0.11689536
iB_03303,1,-7.5481143,-0.63026637
iB_12437,1,-7.236799,1.5387385
iB_12572,1,-5.885925,-2.3876326
iB_10969,1,-5.093088,-2.8553257
iB_05753,1,-6.5855694,2.7723258
iB_15079,1,-5.7124696,3.1779191
iB_01516,1,-7.940735,0.7649028
iB_11016,1,-7.5590415,0.42045066
iB_16156,1,-6.812111,1.7537603
iB_16989,1,-4.6582174,4.4282374
iB_09076,1,-6.116413,-0.49552083
iB_10389,1,-6.5362086,1.8823471
iB_01801,1,-7.87688,2.9590886
iB_10034,1,-6.1993527,-0.44299316
iB_12469,1,-6.685131,-0.4108179
iB_05061,1,-7.4989867,1.5561273
iB_06015,1,-5.8401785,-1.7129812
iB_04199,1,-7.6077914,2.686429
iB_02510,1,-6.8573737,0.55359846
iB_16090,1,-7.553535,-2.3532913
iB_06061,1,-6.530169,1.3526709
iB_05331,1,-7.091193,1.0549452
iB_03347,1,-7.9587946,-1.9096528
iB_02924,1,-4.743795,-1.302176
iB_04717,1,-7.056255,-2.0620692
iB_04670,1,-7.109108,-1.8121032
iB_13928,1,-1.7384237,-2.945456
iB_15085,1,1.0355914,-3.7998948
iB_08188,1,-8.067462,1.5226047
iB_16460,1,-3.1848693,-6.6235304
iB_00401,1,-0.39305788,-2.8120358
iB_15790,1,-8.035179,-0.5127416
iB_16724,1,-4.6194963,5.773253
iB_03507,1,-6.909996,-0.29581112
iB_08696,1,-5.9788437,-2.6483681
iB_00151,1,-7.3416777,0.6618557
iB_05761,1,-7.709416,1.9499576
iB_01084,1,-7.1703115,3.7711883
iB_09995,1,-5.742481,2.9111676
iB_12152,1,-6.8331923,-4.622556
iB_13073,1,-7.2444897,0.7208033
iB_04983,1,-7.8412247,2.7891417
iB_03523,1,-5.6245666,0.8292657
iB_16220,1,-4.0424767,-3.168599
iB_03502,1,-8.109547,-0.06414042
iB_02600,1,-6.192297,2.966544
iB_07367,1,-6.9099617,-3.2907915
iB_07216,1,1.6869664,-6.78994
iB_13143,1,-6.753965,-3.9003263
iB_16186,1,-6.7884,3.42034
iB_17219,1,-5.997425,0.56650686
iB_07200,1,-6.0503325,-2.5877934
iB_09818,1,-5.433908,0.75060856
iB_13560,1,-6.8140945,-3.3639991
iB_17666,1,2.1657448,7.793484
iB_05651,1,-7.6786966,-1.1473714
iB_09886,1,-7.439353,-1.2602074
iB_04196,1,-7.645018,-0.2736895
iB_03612,1,-7.9030986,1.3555089
iB_00628,1,-7.0899568,2.2476149
iB_14849,1,-6.6419334,0.8783345
iB_13534,1,-6.4508286,2.450763
iB_15547,1,-6.34838,-0.051695023
iB_00655,1,-6.848651,1.7529708
iB_04286,1,-7.1654754,-2.2684906
iB_00646,1,-8.074729,-0.063198
iB_10576,1,-3.5200083,5.2035065
iB_16851,1,-6.3092117,0.23839316
iB_12769,1,-7.6750584,-0.23467374
iB_15708,1,-3.5852087,-3.2997696
iB_05594,1,-7.2616706,3.2336514
iB_12422,1,-5.7701764,-2.7595785
iB_09314,1,-6.7288337,0.33107764
iB_10076,1,-6.4655237,-0.5427913
iB_13750,1,-4.1256523,-2.3211627
iB_02648,1,-8.0202875,0.55264974
iB_06712,1,-8.560148,0.52204615
iB_12888,1,-5.9181104,1.5070196
iB_04314,1,-7.638446,-0.22786084
iB_14611,1,-5.697425,-0.24387848
iB_14642,1,-5.6236978,-2.0141246
iB_06019,1,-8.279377,-0.13312015
iB_13281,1,1.2931713,4.081543
iB_04009,1,-7.216042,1.2363453
iB_12984,1,-1.5793854,2.6168847
iB_13794,1,-0.5181095,-3.7100382
iB_00376,1,-7.326527,0.73881507
iB_02205,1,-8.333837,-0.15802933
iB_07600,1,-6.894442,4.2271514
iB_04388,1,-7.5947356,-1.5063785
iB_00209,1,-6.8781357,1.7905391
iB_09406,1,-4.133904,-4.0306234
iB_00414,1,-6.061417,-0.34455684
iB_15323,1,-5.5012884,-2.1282878
iB_01384,1,-7.3629375,1.4285073
iB_14120,1,-7.3696313,0.90952295
iB_03239,1,-6.457278,-1.0626642
iB_15852,1,-7.3456583,-1.0114625
iB_05235,1,-7.6125317,2.6391392
iB_02383,1,-5.669218,5.3752813
iB_09196,1,-6.807197,-4.433312
iB_07153,1,-7.5911784,-0.7911452
iB_08928,1,-5.4404993,-0.79460764
iB_08394,1,-2.2457166,3.8208475
iB_16500,1,-6.4563427,2.4662197
iB_12866,1,-3.8629427,-4.2085934
iB_12980,1,-8.411647,-1.0068792
iB_03227,1,-5.984785,-1.5882114
iB_17390,1,-5.252066,-0.0009597043
iB_05949,1,-4.663233,1.8034282
iB_04479,1,-8.579831,0.06641351
iB_01886,1,-7.356836,2.2306626
iB_13728,1,-7.2179203,2.6813383
iB_17538,1,-6.1947713,-1.2998999
iB_13285,1,-4.4249563,-7.393646
iB_01727,1,-6.2877774,2.7581437
iB_13999,1,0.3373085,-1.9155068
iB_16016,1,-6.6415057,0.42523685
iB_02390,1,-7.1961823,2.5390956
iB_05711,1,-4.791701,-1.9249271
iB_16462,1,-5.549053,-1.2844416
iB_09862,1,-3.4961202,-2.5870953
iB_10361,1,-4.8448243,4.2392573
iB_09834,1,-6.02067,0.15505248
iB_07918,1,-7.73913,-1.8252311
iB_12351,1,-6.3761435,0.087203614
iB_09003,1,-4.7115464,-0.21376522
iB_16387,1,-4.873616,4.650489
iB_10904,1,-7.2506146,0.0017060556
iB_04539,1,-6.5248103,-0.18299969
iB_17355,1,-4.8776174,0.59136534
iB_07082,1,-4.318015,-3.6685567
iB_07278,1,-6.9368377,-1.4818095
iB_12419,1,-6.6902833,-1.0170771
iB_01227,1,-6.9543753,2.772069
iB_02491,1,-4.7987614,4.3081794
iB_03156,1,-6.6523347,2.8467672
iB_05357,1,-7.2712398,0.45145318
iB_00556,1,-8.172165,-0.3141337
iB_00347,1,-4.5628986,-1.7573214
iB_06521,1,1.5924563,5.602225
iB_04974,1,-7.9675207,0.4523803
iB_15405,1,-4.2584248,-0.85512155
iB_05659,1,-7.868883,0.6017635
iB_04824,1,-8.345094,-0.63848865
iB_12118,1,-5.75559,1.1647967
iB_05251,1,-6.640206,-2.250016
iB_13256,1,-7.094316,2.4115882
iB_05671,1,-7.8308463,0.3496818
iB_05561,1,-8.101065,-0.20439811
iB_16222,1,3.732767,6.9457126
iB_15153,1,-5.712901,1.3861591
iB_12325,1,-7.5984573,-0.029237939
iB_05625,1,-7.21524,2.119665
iB_04545,1,-4.9906654,4.121596
iB_16033,1,-6.1785073,2.2277982
iB_13014,1,-6.029567,-1.1568234
iB_15608,1,-4.525545,0.40098903
iB_07443,1,-5.4971886,0.90437794
iB_11026,1,-0.06565714,-1.2238628
iB_06674,1,-6.3810596,3.9601514
iB_12054,1,-5.220217,-0.8355957
iB_00598,1,-6.413002,-1.6787565
iB_16570,1,-5.562494,1.5804774
iB_12123,1,-5.9360576,-6.338281
iB_05284,1,-7.6758437,-0.23040542
iB_09067,1,-5.251182,3.458099
iB_00288,1,-6.7243495,0.6284143
iB_06043,1,-6.3520045,3.5206206
iB_16615,1,-8.430705,-1.6367983
iB_13789,1,-8.315008,0.5307398
iB_16395,1,-7.664345,1.4217073
iB_13913,1,-3.560915,-7.634407
iB_06034,1,-7.478759,-1.7969306
iB_00100,1,-1.2072572,2.7625473
iB_10511,1,-6.822618,1.9303002
iB_16251,1,-6.271599,-1.9041432
iB_03192,1,-7.6529846,0.73728025
iB_06524,1,-7.668211,1.4299815
iB_01159,1,-6.5528874,0.8259621
iB_16095,1,-0.9450776,-0.5508612
iB_03837,1,-7.295903,-1.0889392
iB_00773,1,-6.6331406,0.29468232
iB_08887,1,-2.8011696,-1.6261083
iB_01584,1,-7.868817,0.7671679
iB_13264,1,-7.030768,0.06496892
iB_04255,1,-7.705564,0.038794737
iB_10542,1,-7.3244095,2.8777556
iB_01715,1,-6.7872334,2.3633947
iB_05914,1,-8.15,0.19546378
iB_05527,1,2.504887,0.6747872
iB_03675,1,-7.040932,2.6763678
iB_10641,1,-6.555744,0.14706351
iB_03693,1,-6.647557,-0.39230183
iB_06839,1,-8.312098,-1.1773114
iB_00546,1,-7.736506,1.4691395
iB_01866,1,-4.5865574,4.7648716
iB_12477,1,-7.271978,2.7122774
iB_09168,1,-4.379031,-2.7399135
iB_10753,1,-6.8709016,-0.671667
iB_13901,1,-3.1421118,0.94564027
iB_15058,1,-2.8345158,-4.5963964
iB_16422,1,-5.9204364,-4.5943184
iB_14285,1,-5.6264124,-0.26090482
iB_13062,1,-5.907879,-5.8844795
iB_01199,1,-8.1848755,0.46932286
iB_05939,1,-7.03743,-0.4613055
iB_08638,1,-6.207477,-5.3517776
iB_05910,1,-7.5223465,1.2158775
iB_01075,1,-7.1105423,1.217754
iB_04113,1,-7.1821404,0.6691751
iB_16736,1,-4.36517,2.8809001
iB_07947,1,-7.477529,-2.2260556
iB_10858,1,-7.3318534,2.2226002
iB_03080,1,-8.280868,0.67068815
iB_07944,1,-6.3276896,0.23652193
iB_10840,1,-6.347185,3.3611693
iB_07210,1,-8.23965,1.7675705
iB_04842,1,-7.2011695,-2.2523031
iB_00714,1,-8.191131,-0.3587266
iB_12406,1,-5.6565175,-0.27365768
iB_05858,1,-7.8778543,0.05945569
iB_04302,1,-8.117952,-0.42019433
iB_07718,1,-5.649581,-3.37542
iB_10646,1,-4.6560063,-1.098249
iB_07489,1,-6.9313555,0.9124629
iB_05871,1,-6.6375546,-1.0155551
iB_16527,1,-4.9620605,2.2147884
iB_16809,1,-5.5279036,-2.0994577
iB_01536,1,-8.00513,1.0424801
iB_08873,1,-6.6303854,2.7957187
iB_01534,1,-7.4574575,2.2372367
iB_15197,1,-6.404742,-2.3918424
iB_00979,1,-6.5181456,1.5413252
iB_14217,1,-6.6531863,3.2442455
iB_03766,1,-7.5394278,1.7232919
iB_03780,1,-7.032653,1.0319778
iB_14963,1,-5.6984477,0.50585186
iB_03916,1,-8.012132,1.5070567
iB_00297,1,-7.4612446,-0.05656072
iB_09353,1,-6.5749664,3.1349845
iB_06652,1,-8.039194,2.442579
iB_05814,1,-7.176301,-0.42699715
iB_09325,1,-4.6585217,3.5186133
iB_12809,1,0.36285183,-6.8010426
iB_13585,1,-3.5259953,-3.9753344
iB_04186,1,-5.810455,2.8227828
iB_13358,1,-3.4960077,-0.3966181
iB_01862,1,-5.8670034,-4.1404943
iB_15902,1,-3.733905,4.361285
iB_10732,1,-6.5209694,1.3181845
iB_07161,1,-7.215854,1.7911148
iB_02731,1,-7.171905,0.901508
iB_08524,1,-6.921306,-0.857099
iB_12641,1,-5.207367,0.48861837
iB_12133,1,-7.1404185,-0.5237992
iB_15639,1,-3.4610367,7.1731505
iB_13316,1,-4.77359,-3.7188249
iB_12267,1,-6.322225,-1.1209114
iB_12063,1,-6.9443693,0.59360075
iB_06910,1,-7.2952585,-0.66530246
iB_12090,1,-4.9384537,3.7933438
iB_16493,1,-5.90801,-0.88539594
iB_12323,1,-3.828304,-3.055821
iB_00793,1,-8.249612,-1.0058484
iB_00642,1,-6.8062143,2.2341485
iB_06554,1,-3.3364248,-2.853117
iB_12991,1,-3.559182,0.696336
iB_04171,1,-7.6294284,3.2703953
iB_17099,1,-4.8096786,4.9833145
iB_09483,1,-6.9979167,-0.33668542
iB_14148,1,-7.5507965,2.9388828
iB_04958,1,-5.308547,-4.931591
iB_12174,1,-5.8652406,1.7175937
iB_10647,1,-7.581156,1.9409217
iB_17078,1,-7.295319,-1.3130304
iB_14868,1,-1.6810913,-0.09798094
iB_03207,1,-6.932222,3.6451635
iB_17507,1,-1.6056631,-1.3265636
iB_15142,1,0.09735968,-5.520518
iB_10544,1,-5.1997137,2.0584052
iB_15755,1,-7.702833,-3.0164938
iB_03408,1,-7.832552,-1.3568823
iB_08820,1,-5.4538245,0.943205
iB_06244,1,-7.738194,0.5728534
iB_01677,1,-7.3425727,1.2654158
iB_01640,1,-6.6282916,2.3137288
iB_01216,1,-8.236958,0.5642103
iB_12603,1,-4.516141,-0.28806287
iB_04111,1,-6.2545667,3.7213933
iB_13033,1,-7.2499747,-0.28444752
iB_09823,1,-6.585137,3.5767198
iB_06803,1,0.19604993,-3.567768
iB_13363,1,-6.9273314,-0.02553522
iB_05922,1,-7.25145,4.041957
iB_03765,1,-5.190013,-0.48051634
iB_10836,1,-7.473378,-2.7709727
iB_10196,1,-5.495356,3.5187676
iB_17226,1,-4.492869,2.170059
iB_15571,1,-4.9424644,3.443491
iB_14327,1,-5.668854,-2.7167776
iB_02200,1,-8.241191,0.11624049
iB_06842,1,-7.6480613,1.6423588
iB_05713,1,-5.908774,0.9201636
iB_05824,1,-7.1183453,0.22744516
iB_14342,1,-5.246528,5.556466
iB_13682,1,-6.2833357,-2.1725705
iB_04364,1,-7.425405,-0.15912062
mRNA_006353,0,5.596039,-4.336716
mRNA_000530,0,11.229064,0.99794024
mRNA_011095,0,1.6878461,-3.255435
mRNA_000852,0,14.243866,4.391216
mRNA_006568,0,10.461882,1.9085602
mRNA_004424,0,-3.4214005,-5.943779
mRNA_012630,0,11.25681,10.130353
mRNA_000234,0,12.918508,9.223517
mRNA_008985,0,-3.2628503,1.4083152
mRNA_012126,0,10.117425,1.1895597
mRNA_005397,0,13.775132,-0.38973385
mRNA_012507,0,6.0931544,-5.045618
mRNA_000831,0,14.502413,4.4824743
mRNA_011241,0,-4.898869,-1.8461735
mRNA_002812,0,0.7320857,4.837605
mRNA_002895,0,2.2224636,-1.6031418
mRNA_004102,0,2.831352,-6.1925697
mRNA_008925,0,-0.8319998,5.2975307
mRNA_013000,0,7.1937547,-6.621593
mRNA_011277,0,10.491143,-4.486627
mRNA_002676,0,2.8883085,5.668085
mRNA_014268,0,6.916695,0.8041426
mRNA_002096,0,7.7543225,1.6562983
mRNA_011977,0,-2.914894,-4.5753202
mRNA_012211,0,2.648728,5.9074097
mRNA_001857,0,10.140502,-4.241018
mRNA_010564,0,5.9138017,0.6458019
mRNA_000295,0,-7.8383985,-2.174301
mRNA_003167,0,10.629093,4.8189483
mRNA_011623,0,-2.411492,-7.341256
mRNA_000505,0,11.555157,-4.2816253
mRNA_009441,0,2.895161,-2.1153765
mRNA_013029,0,12.464507,-3.0716846
mRNA_001927,0,7.798917,2.8588822
mRNA_005247,0,13.153436,-1.4694587
mRNA_012227,0,4.634753,9.615939
mRNA_013001,0,10.965895,-4.2388825
mRNA_003162,0,4.207812,-1.4404844
mRNA_009444,0,5.873072,1.9818931
mRNA_001657,0,8.567198,1.6758796
mRNA_008124,0,-3.8474898,6.3024573
mRNA_004515,0,6.4510818,9.561404
mRNA_004523,0,3.234705,-4.360833
mRNA_001513,0,13.795475,3.4733982
mRNA_012601,0,9.5398655,-2.2581635
mRNA_008499,0,7.712256,0.14315826
mRNA_006312,0,2.1926832,1.3705535
mRNA_006727,0,2.2944553,-1.4955515
mRNA_010336,0,9.106774,-1.4144285
mRNA_014067,0,2.7950552,-0.7662071
mRNA_006479,0,0.9654133,-1.3491925
mRNA_004669,0,4.9556603,7.972907
mRNA_014821,0,12.871227,2.0245194
mRNA_006615,0,12.318741,9.794991
mRNA_000566,0,-3.679617,-4.3756423
mRNA_007134,0,14.729722,0.037397955
mRNA_004876,0,9.47507,-5.794866
mRNA_014143,0,14.192952,1.9816302
mRNA_004813,0,10.967751,-0.23800984
mRNA_007590,0,8.42865,-5.338459
mRNA_011157,0,12.555914,3.5809686
mRNA_014319,0,2.3978076,-4.999793
mRNA_012555,0,12.996704,3.5267997
mRNA_003635,0,2.8033295,6.3553185
mRNA_003128,0,-2.1445065,5.616165
mRNA_011106,0,-5.49273,-5.9680815
mRNA_001604,0,13.551392,3.7991576
mRNA_008571,0,9.96521,2.2858167
mRNA_009436,0,9.967081,-4.670027
mRNA_011026,0,9.880801,9.216696
mRNA_008093,0,2.7780027,-2.2942472
mRNA_014253,0,9.13658,-5.4117737
mRNA_001787,0,7.595438,-7.819214
mRNA_014380,0,14.157632,4.3316245
mRNA_010894,0,2.0259306,5.3884687
mRNA_013366,0,4.4614186,2.1975367
mRNA_005820,0,3.475783,-5.66997
mRNA_000363,0,12.400057,-3.206728
mRNA_012094,0,2.8756938,0.48145524
mRNA_002112,0,-4.182691,-1.1078738
mRNA_004120,0,3.1760983,-0.60180783
mRNA_010511,0,12.494332,-3.7278643
mRNA_004320,0,4.5892854,8.456358
mRNA_003489,0,-3.327688,1.1746749
mRNA_003283,0,10.683663,1.7001762
mRNA_013539,0,4.3704686,-1.9161475
mRNA_004692,0,2.3861768,-0.38456
mRNA_001348,0,-2.2824461,-4.4840236
mRNA_000661,0,9.226482,-5.007719
mRNA_005722,0,6.3797216,-3.8224072
mRNA_003173,0,1.1719741,-5.8196096
mRNA_006636,0,9.820396,-5.1113486
mRNA_009199,0,2.8995907,4.0647783
mRNA_002384,0,7.917057,7.988298
mRNA_009030,0,5.55669,2.2299225
mRNA_004935,0,13.609018,-1.004782
mRNA_013316,0,0.55467606,-1.9311415
mRNA_003772,0,-2.7478676,-4.5208964
mRNA_004492,0,2.7176616,-1.3933583
mRNA_007122,0,-1.634512,-5.4812927
mRNA_013588,0,2.077376,0.0057384986
mRNA_009861,0,1.1139632,-0.8936343
mRNA_000511,0,3.213684,-3.5216491
mRNA_010497,0,11.893086,-4.2549744
mRNA_009169,0,6.9580283,1.8931723
mRNA_010942,0,6.7233853,-8.107023
mRNA_008760,0,6.997395,-4.4287944
mRNA_008399,0,7.763984,1.9777218
mRNA_006010,0,13.303414,-3.0888646
mRNA_013727,0,-4.477077,3.5304956
mRNA_010859,0,10.820357,9.571795
mRNA_008648,0,10.196447,-5.084071
mRNA_005498,0,4.6020184,-1.6226616
mRNA_014460,0,11.54117,-4.8190765
mRNA_012373,0,11.036514,-2.7673748
mRNA_007902,0,8.457853,-6.4280686
mRNA_004238,0,3.8648388,-6.162143
mRNA_007060,0,8.568267,-4.9685273
mRNA_010210,0,7.9113193,0.94385874
mRNA_001539,0,4.960381,-0.8705739
mRNA_002782,0,10.798757,2.400611
mRNA_013313,0,-3.1027706,-6.200389
mRNA_004141,0,-1.5576308,5.961922
mRNA_013997,0,14.221893,-1.2520485
mRNA_003303,0,11.886826,-3.8467412
mRNA_006352,0,12.049519,8.822086
mRNA_002078,0,-1.2061323,-8.200852
mRNA_013862,0,-0.425897,-0.39423898
mRNA_003053,0,3.1784754,0.40641457
mRNA_000970,0,6.9037924,0.8591399
mRNA_014206,0,13.309246,8.717122
mRNA_007221,0,-3.5326586,4.985125
mRNA_010745,0,-5.6955805,-7.1637897
mRNA_000350,0,0.7122307,3.8934977
mRNA_014299,0,0.23671924,-2.3199081
mRNA_006359,0,2.488687,6.1780233
mRNA_013527,0,12.831813,9.116396
mRNA_001639,0,5.6505313,-4.944535
mRNA_006199,0,14.695144,-1.0512072
mRNA_006475,0,7.033589,-5.148894
mRNA_006070,0,6.4481416,8.775603
mRNA_005712,0,1.275375,-1.0586554
mRNA_011879,0,6.365735,3.214324
mRNA_005246,0,11.060145,-2.6817577
mRNA_008672,0,0.6840553,-1.1791941
mRNA_009521,0,-2.1987166,-3.6421528
mRNA_002085,0,9.396645,3.9230068
mRNA_006095,0,2.0987544,-2.5944388
mRNA_010326,0,1.6190805,-3.1667953
mRNA_011144,0,10.795054,-5.464494
mRNA_010084,0,3.125103,1.012661
mRNA_014315,0,10.201188,1.8455722
mRNA_011534,0,0.7407083,-3.1011271
mRNA_012452,0,-8.010615,1.1010958
mRNA_008726,0,5.4883423,4.1112614
mRNA_003731,0,10.776319,-3.0610268
mRNA_011047,0,13.414691,-3.152479
mRNA_012877,0,-3.6060283,-4.126166
mRNA_002508,0,11.465095,9.839188
mRNA_003833,0,11.922861,-3.749773
mRNA_003789,0,5.9192014,-6.7369065
mRNA_012254,0,12.153101,-1.0330116
mRNA_010858,0,10.955237,-2.820974
mRNA_007270,0,-4.347634,-0.29621437
mRNA_013356,0,0.46361625,-2.5685806
mRNA_013419,0,10.542673,-5.069146
mRNA_014426,0,0.78531593,8.174968
mRNA_009881,0,10.289418,-3.9289644
mRNA_011677,0,-6.9748654,-4.39623
mRNA_013157,0,5.1950855,-4.410454
mRNA_010425,0,8.289457,-6.091937
mRNA_003286,0,12.371628,2.1755311
mRNA_006383,0,1.0701554,-2.9745736
mRNA_006953,0,3.85661,-5.696706
mRNA_006433,0,3.7563894,-0.5021252
mRNA_005103,0,-7.2373343,-4.477831
mRNA_013475,0,-4.2348795,-1.9634148
mRNA_006299,0,3.4947977,1.6975514
mRNA_000280,0,11.724682,-3.7447298
mRNA_013019,0,2.6169422,-6.2726197
mRNA_001218,0,7.9936557,5.2874393
mRNA_012279,0,3.183015,-1.8840183
mRNA_010524,0,1.1876991,-1.0615747
mRNA_012933,0,13.03639,9.232795
mRNA_004098,0,7.5180445,-2.4958344
mRNA_012652,0,6.999778,-5.6924844
mRNA_008183,0,-5.477478,0.3915598
mRNA_010705,0,0.18301183,-7.920357
mRNA_001471,0,3.613149,-4.406838
mRNA_001378,0,5.216215,-7.956122
mRNA_010915,0,-0.5936709,0.15953602
mRNA_011509,0,-2.2401953,5.25442
mRNA_005034,0,-3.180754,-0.13817361
mRNA_003393,0,0.51789165,7.396805
mRNA_014173,0,8.574521,-4.1205225
mRNA_003988,0,5.9386134,-8.571376
mRNA_011495,0,7.0533023,-0.335172
mRNA_010365,0,10.93362,9.36608
mRNA_011705,0,10.396343,-3.76998
mRNA_003007,0,5.630749,2.8393097
mRNA_003704,0,-4.4641075,-2.1200664
mRNA_013892,0,4.472468,-1.6518153
mRNA_001565,0,-6.434784,-3.07268
mRNA_010552,0,6.9469805,-2.11203
mRNA_002029,0,12.340268,1.9953223
mRNA_010869,0,5.912739,-8.4791765
mRNA_009837,0,3.7274895,-2.0525486
mRNA_008090,0,1.7207332,-1.0191686
mRNA_007146,0,2.10261,-4.8757076
mRNA_000993,0,-0.95681506,-0.5378916
mRNA_013687,0,6.154769,-6.310791
mRNA_006322,0,0.6495676,6.6003733
mRNA_011083,0,10.750617,-5.604642
mRNA_000197,0,6.4201274,8.300895
mRNA_005988,0,9.926555,8.6652
mRNA_004634,0,4.2867436,-1.5404932
mRNA_003394,0,-7.1376953,-1.5875887
mRNA_004548,0,8.973417,0.5222447
mRNA_001693,0,-0.33220914,-0.70904046
mRNA_011296,0,2.94226,-1.7880397
mRNA_009596,0,-2.283437,-4.9973407
mRNA_009096,0,12.546929,-3.1256676
mRNA_011602,0,5.612464,-3.2963254
mRNA_008199,0,10.543767,9.575105
mRNA_009019,0,-1.5496272,-1.0563285
mRNA_005614,0,10.089218,4.273903
mRNA_011912,0,5.8081822,-7.307445
mRNA_012229,0,11.799951,9.992324
mRNA_010468,0,3.1205165,3.4852812
mRNA_006110,0,5.1331053,3.4304445
mRNA_003282,0,2.8449478,-6.979636
mRNA_008041,0,12.791046,4.0874677
mRNA_011906,0,6.359845,-5.6565166
mRNA_002861,0,7.569701,-4.821175
mRNA_001965,0,14.176826,-1.7766232
mRNA_013858,0,3.1223836,0.059878595
mRNA_013813,0,5.4835296,8.230598
mRNA_004217,0,8.21528,1.3850183
mRNA_008827,0,5.6570363,-4.9270215
mRNA_007321,0,5.4476175,-2.422952
mRNA_001568,0,-4.169904,-1.7584844
mRNA_009719,0,3.7382455,4.5438323
mRNA_000950,0,7.212829,-6.006936
mRNA_013868,0,7.2430973,3.6340866
mRNA_007248,0,4.0685186,7.6803265
mRNA_002360,0,11.453794,9.467349
mRNA_005502,0,3.2665503,0.7474972
mRNA_008346,0,0.59921,-2.4061813
mRNA_014447,0,-2.7411282,-3.951308
mRNA_000090,0,11.727455,1.4141213
mRNA_002080,0,3.409642,6.526023
mRNA_007426,0,12.668351,-3.7545042
mRNA_011690,0,5.721865,2.2291615
mRNA_007072,0,-2.4925096,0.9115796
mRNA_006402,0,3.494913,-7.264414
mRNA_011775,0,9.356887,2.253348
mRNA_004256,0,0.46359307,2.3055742
mRNA_010168,0,7.5795655,8.357487
mRNA_000549,0,0.5832481,-3.0380516
mRNA_008602,0,7.4444737,-3.7881072
mRNA_013167,0,4.7263703,-2.5246997
mRNA_003673,0,10.646663,2.9702852
mRNA_006625,0,4.044547,1.2280601
mRNA_007524,0,6.212693,-4.777726
mRNA_000914,0,0.658229,-6.105158
mRNA_008750,0,7.5576777,-6.391104
mRNA_012735,0,9.873459,3.5054932
mRNA_012876,0,5.0454164,-6.7352858
mRNA_006047,0,6.2087603,1.9777457
mRNA_014458,0,1.1283242,2.7159677
mRNA_005182,0,12.044447,4.336535
mRNA_001140,0,3.1317632,3.300578
mRNA_000020,0,5.6282763,2.4766655
mRNA_008317,0,8.5752535,-3.8610344
mRNA_005672,0,12.231152,1.780528
mRNA_007106,0,-3.5200162,-5.0302925
mRNA_000971,0,10.868421,-4.1635923
mRNA_002973,0,-3.5000188,-6.4269753
mRNA_001468,0,11.407561,-2.6571424
mRNA_010357,0,8.416045,-0.04692393
mRNA_008863,0,3.0213106,5.79372
mRNA_011765,0,13.892278,7.7725124
mRNA_011546,0,6.8952923,-6.869921
mRNA_014712,0,14.475652,3.361326
mRNA_005198,0,10.916682,2.2947094
mRNA_009469,0,2.057293,-6.3727913
mRNA_011478,0,13.586626,3.230464
mRNA_010811,0,8.615483,-4.7406473
mRNA_007691,0,2.7962203,-5.448506
mRNA_005233,0,3.6366634,1.3717624
mRNA_003048,0,1.3485628,2.944821
mRNA_008414,0,7.024251,1.4133483
mRNA_006761,0,10.728371,-4.0032525
mRNA_013433,0,11.789555,-2.6579835
mRNA_001316,0,6.5174303,3.3878014
mRNA_010008,0,3.2651017,3.957728
mRNA_014779,0,12.373453,3.747159
mRNA_003585,0,14.023047,-1.026225
mRNA_002205,0,5.7255907,3.4018946
mRNA_006053,0,11.502702,4.350951
mRNA_001716,0,6.3718495,7.059536
mRNA_002030,0,12.838858,-0.9974338
mRNA_012423,0,1.731842,4.223438
mRNA_014181,0,11.057705,2.4413779
mRNA_013261,0,13.111331,-2.988047
mRNA_005675,0,7.767276,-4.6335254
mRNA_011378,0,13.236632,-3.1645994
mRNA_004763,0,3.2119558,6.20224
mRNA_007843,0,4.945338,-4.7722697
mRNA_009061,0,10.51958,9.1560135
mRNA_002316,0,0.9338104,-5.825805
mRNA_011185,0,10.713007,-4.00572
mRNA_012366,0,10.16443,-3.5650518
mRNA_006333,0,7.9507556,8.588229
mRNA_004373,0,5.3026247,-8.06535
mRNA_011561,0,9.310539,-5.8479075
mRNA_010115,0,1.989807,6.279435
mRNA_007619,0,1.5871553,6.5740466
mRNA_000408,0,5.680847,-1.0227109
mRNA_003847,0,3.8912296,9.195108
mRNA_004899,0,-1.137239,-6.346436
mRNA_002450,0,9.460005,5.0196114
mRNA_005670,0,11.279694,3.3929715
mRNA_012043,0,7.51094,-0.6210743
mRNA_003946,0,9.671526,-3.536414
mRNA_012755,0,5.439309,2.8687997
mRNA_004449,0,0.47925544,1.7194625
mRNA_001028,0,5.528597,4.102717
mRNA_012592,0,3.073723,8.259102
mRNA_014186,0,-2.5934193,-4.252685
mRNA_005318,0,9.970084,-5.321592
mRNA_012990,0,2.4766967,-6.936003
mRNA_013548,0,11.9266615,-4.2942114
mRNA_004335,0,4.3994102,2.4510334
mRNA_000947,0,-1.3330624,-4.020932
mRNA_014077,0,10.331891,-4.0861335
mRNA_014648,0,12.076231,-3.6243815
mRNA_001789,0,5.549833,2.9481714
mRNA_013832,0,13.566051,-2.1270206
mRNA_008353,0,14.137695,3.2825406
mRNA_002287,0,5.0441027,7.683523
mRNA_006898,0,12.029588,2.9658675
mRNA_003332,0,-5.006486,4.299952
mRNA_011248,0,9.65561,-5.176283
mRNA_002960,0,5.3741693,-6.7472444
mRNA_006805,0,5.973031,-1.9249772
mRNA_010093,0,7.1080704,-1.4294195
mRNA_008821,0,2.9496632,7.1895943
mRNA_006635,0,9.306775,4.4358215
mRNA_008347,0,-2.583921,5.7910137
mRNA_000651,0,13.037186,-2.1083167
mRNA_007421,0,9.61631,2.0362432
mRNA_010438,0,5.4662766,0.17832954
mRNA_001288,0,1.7582302,-3.65758
mRNA_006292,0,10.133444,-4.7759953
mRNA_006139,0,12.152902,9.086929
mRNA_003216,0,8.93537,-5.7427063
mRNA_002562,0,11.7904625,4.763283
mRNA_009992,0,2.300709,-3.737973
mRNA_013956,0,1.842606,-2.2419932
mRNA_011017,0,9.170305,-4.1807275
mRNA_010230,0,3.3410466,4.6574893
mRNA_001357,0,10.3867035,-4.6750607
mRNA_000504,0,-4.1362405,-0.88146585
mRNA_008825,0,11.726756,1.7225261
mRNA_013280,0,12.964695,-3.9107864
mRNA_011793,0,4.4653316,6.7507873
mRNA_007068,0,8.276223,-4.980819
mRNA_012402,0,4.164377,-2.3117201
mRNA_005426,0,-1.8585222,0.036265064
mRNA_011085,0,5.417404,5.7520714
mRNA_006592,0,13.636022,3.943411
mRNA_004819,0,2.7558467,-5.1573844
mRNA_011861,0,13.487503,6.1267934
mRNA_008805,0,0.73135895,1.4476341
mRNA_010183,0,-3.412732,-1.8969929
mRNA_013355,0,3.5848908,-2.398567
mRNA_012265,0,13.893704,-2.0620174
mRNA_001958,0,6.950245,-4.53916
mRNA_009339,0,7.1739163,-7.0852957
mRNA_001753,0,11.366836,-2.33759
mRNA_014436,0,4.746934,-5.7311473
mRNA_006424,0,9.983811,-5.274474
mRNA_003421,0,-1.8889441,6.9051285
mRNA_008781,0,12.457248,4.5858335
mRNA_006282,0,14.078871,4.1357794
mRNA_004770,0,12.781127,-2.7361953
mRNA_007454,0,0.12762451,5.421975
mRNA_002166,0,3.7754087,9.499092
mRNA_009557,0,7.5817685,-0.59429926
mRNA_014462,0,7.267732,-6.1855135
mRNA_000584,0,10.688204,-4.7955766
mRNA_010059,0,6.048841,-6.907438
mRNA_013186,0,7.571583,-2.6505377
mRNA_007616,0,-2.9238513,1.3280358
mRNA_001193,0,2.4968934,5.1448383
mRNA_005987,0,9.73877,2.826202
mRNA_013386,0,-0.98983544,6.7128816
mRNA_012154,0,13.482417,-1.7854875
mRNA_013243,0,13.592238,-2.2850852
mRNA_014301,0,2.7507586,-7.3618517
mRNA_007016,0,14.0846,3.6570222
mRNA_006388,0,11.758093,-3.623243
mRNA_000774,0,2.5448554,6.9095774
mRNA_002795,0,3.6824589,-9.165357
mRNA_006997,0,8.390773,-4.5840173
mRNA_009917,0,12.255286,-3.2810724
mRNA_003752,0,4.3506107,-7.5860353
mRNA_002213,0,2.7656348,0.9022994
mRNA_004272,0,11.141994,-4.1656213
mRNA_001595,0,3.9038432,0.8003571
mRNA_008773,0,6.3037705,1.5079405
mRNA_010987,0,0.27327394,-2.4479544
mRNA_011579,0,13.393429,8.62758
mRNA_007967,0,9.991105,10.388648
mRNA_012472,0,3.7795384,-0.52266407
mRNA_010724,0,2.5620158,-2.7029965
mRNA_010725,0,2.56739,3.0597386
mRNA_006801,0,5.369265,-4.427446
mRNA_013336,0,0.8243279,-7.367334
mRNA_002122,0,12.266774,3.6798794
mRNA_012758,0,9.64011,-6.0276284
mRNA_011341,0,2.1026683,0.9297906
mRNA_011778,0,10.875642,1.7878182
mRNA_001113,0,8.240638,-4.173649
mRNA_014629,0,9.4736395,-4.091304
mRNA_003602,0,7.7274966,-4.9320197
mRNA_013020,0,2.9023967,-4.893148
mRNA_006839,0,8.994181,9.529124
mRNA_006843,0,8.422783,-5.9562335
mRNA_014182,0,7.3688474,0.4867051
mRNA_013490,0,10.2975025,2.995417
mRNA_001721,0,7.2455583,-5.2885165
mRNA_011768,0,13.140648,3.7193277
mRNA_001359,0,13.501726,4.767968
mRNA_005553,0,0.46251577,1.0765785
mRNA_008101,0,10.9967575,-2.6108062
mRNA_011423,0,-4.400691,2.3515916
mRNA_003164,0,1.7712684,-4.297546
mRNA_012321,0,7.633801,-7.0384483
mRNA_003473,0,-2.0983562,-5.3336344
mRNA_000111,0,-1.0795275,-2.9284406
mRNA_008066,0,-2.9968412,-4.5432224
mRNA_009175,0,8.437672,1.7881284
mRNA_006720,0,7.5667562,2.2071402
mRNA_002381,0,1.0036994,3.5523214
mRNA_007328,0,10.614642,1.3472074
mRNA_002163,0,13.205982,-2.744611
mRNA_000709,0,5.3878317,-4.817068
mRNA_009455,0,9.9167595,0.5886598
mRNA_002909,0,8.710415,2.5672953
mRNA_003225,0,3.07452,-6.92476
mRNA_013492,0,1.2583307,-3.6050723
mRNA_008203,0,12.832974,3.8413749
mRNA_012451,0,6.289916,-6.6761436
mRNA_011346,0,12.881845,2.3536394
mRNA_006235,0,5.2856393,-5.989656
mRNA_001738,0,7.6515684,-0.10472841
mRNA_010370,0,4.42109,-5.3275814
mRNA_013452,0,-5.155301,-2.8666492
mRNA_014606,0,-1.5104901,-7.0091343
mRNA_003315,0,13.128554,3.0782871
mRNA_002944,0,7.015394,-4.48832
mRNA_008131,0,3.5821114,0.22947656
mRNA_009270,0,12.539025,-0.1894149
mRNA_010206,0,6.773612,3.709581
mRNA_009174,0,3.1921146,-4.4100795
mRNA_007577,0,1.9806306,-4.067794
mRNA_011279,0,-3.5482216,1.6000615
mRNA_010095,0,9.028995,-4.35176
mRNA_011089,0,1.532172,-8.8814125
mRNA_008235,0,-2.4374008,-7.088583
mRNA_008872,0,7.041625,3.747146
mRNA_004391,0,4.0175614,6.333942
mRNA_014302,0,6.741779,-1.2085681
mRNA_002260,0,12.643075,-3.263822
mRNA_007797,0,2.0768511,-3.2012892
mRNA_004571,0,14.264749,-2.067999
mRNA_001063,0,6.488155,-6.050971
mRNA_003983,0,0.3987879,8.768335
mRNA_011676,0,-2.9690692,-1.951177
mRNA_006545,0,10.475929,-4.530665
mRNA_006027,0,13.79606,3.5842843
mRNA_001427,0,8.7322445,-6.5891104
mRNA_013905,0,9.212012,10.087991
mRNA_007311,0,-0.82863927,7.202589
mRNA_001371,0,4.2414455,3.3833072
mRNA_002037,0,14.957962,-0.7834091
mRNA_005354,0,13.527349,2.97866
mRNA_007859,0,-1.7471908,-7.0253425
mRNA_004879,0,3.1879225,2.7587688
mRNA_000008,0,10.931689,-4.883066
mRNA_001824,0,10.504708,1.8759488
mRNA_008829,0,2.6621594,-6.416394
mRNA_001417,0,4.4247136,3.0583594
mRNA_011648,0,3.144844,5.440319
mRNA_005358,0,6.034734,3.1013415
mRNA_005328,0,4.662973,-6.3572598
mRNA_013042,0,3.9511406,0.7423155
mRNA_014103,0,11.521104,3.5842664
mRNA_008806,0,4.523932,-0.43905985
mRNA_000416,0,-1.1579627,1.0348806
mRNA_012825,0,2.150841,-5.9134626
mRNA_000257,0,10.031926,-4.839815
mRNA_003493,0,10.317015,0.1352232
mRNA_010994,0,-5.1741953,3.727634
mRNA_008624,0,7.066163,0.3434035
mRNA_001011,0,12.518416,2.061725
mRNA_014062,0,11.328893,-1.9623986
mRNA_013633,0,1.2694094,1.2766103
mRNA_014355,0,7.852691,-4.383929
mRNA_011774,0,5.273304,3.5333364
mRNA_004170,0,7.8829308,6.1386495
mRNA_001121,0,-3.5927372,-4.312691
mRNA_003055,0,8.375029,-4.2704306
mRNA_008510,0,13.865253,2.686071
mRNA_000404,0,10.264427,-2.441643
mRNA_011442,0,8.722705,2.5618436
mRNA_004845,0,0.9907738,7.030546
mRNA_002466,0,9.881973,2.3891547
mRNA_006103,0,3.904824,-4.2570605
mRNA_004117,0,1.7157905,-7.1197014
mRNA_007870,0,5.5609803,-5.953741
mRNA_012747,0,4.4459677,2.6282973
mRNA_001589,0,8.596919,-4.620477
mRNA_000630,0,11.189926,6.0941486
mRNA_010973,0,13.338841,-0.942459
mRNA_007273,0,12.176665,-1.945928
mRNA_012645,0,4.2262387,-1.9037653
mRNA_004752,0,13.659946,3.900543
mRNA_004021,0,14.213727,-0.88618904
mRNA_001254,0,-6.1089025,0.26972765
mRNA_002070,0,1.9958675,5.6976533
mRNA_004073,0,3.9969165,-2.185836
mRNA_014367,0,11.436211,-4.4508815
mRNA_009476,0,4.8004704,-6.646017
mRNA_001202,0,6.7940855,2.770752
mRNA_002372,0,7.0587096,7.6640344
mRNA_003500,0,2.585144,-0.2935109
mRNA_011438,0,14.69051,-1.1155195
mRNA_010995,0,11.9531555,-3.2624369
mRNA_000719,0,1.0776738,-3.6558127
mRNA_004494,0,-4.322499,-5.660414
mRNA_007159,0,6.4759555,-5.889865
mRNA_013270,0,5.136339,2.7399433
mRNA_011137,0,14.291812,3.3551338
mRNA_014503,0,13.820358,-1.7432038
mRNA_008997,0,10.257833,-3.0342207
mRNA_014314,0,-1.5536333,-0.92170954
mRNA_002018,0,4.4171176,5.323722
mRNA_012531,0,8.705482,-0.8219599
mRNA_000582,0,12.208546,2.8077562
mRNA_009855,0,6.5776625,7.498979
mRNA_013760,0,7.426505,-3.7671745
mRNA_014494,0,-0.88269025,-3.7777648
mRNA_005535,0,-5.7385535,5.1962485
mRNA_008176,0,13.304034,4.175004
mRNA_007679,0,4.4047613,-7.9965177
mRNA_007119,0,5.012327,6.37004
mRNA_006149,0,-0.6545874,5.1290054
mRNA_005676,0,13.984153,-0.3406182
mRNA_009272,0,1.5057874,-4.73204
mRNA_006855,0,2.7210045,-0.11754783
mRNA_011886,0,2.1562192,2.1216295
mRNA_002025,0,4.2230735,4.266474
mRNA_012732,0,-2.587809,-5.7558837
mRNA_006862,0,5.6647387,1.3238815
mRNA_007023,0,13.449347,8.440546
mRNA_005937,0,4.1309624,1.5598601
mRNA_009983,0,12.139398,4.34253
mRNA_004131,0,4.8473287,-4.745637
mRNA_010274,0,-3.1968403,-4.667721
mRNA_014340,0,0.28052118,-6.9721274
mRNA_003147,0,10.144866,-3.967834
mRNA_013454,0,-0.8949413,1.9911487
mRNA_009133,0,7.7791643,9.453051
mRNA_005849,0,13.698879,4.687518
mRNA_002972,0,2.8558881,6.687788
mRNA_012455,0,10.695795,8.669935
mRNA_006934,0,-2.1045387,-2.070694
mRNA_013733,0,6.3303385,-5.015146
mRNA_003200,0,-7.0157595,2.9251502
mRNA_004606,0,-1.1473836,-5.84583
mRNA_006497,0,3.148564,-9.27181
mRNA_012223,0,11.354002,0.2761011
mRNA_000521,0,9.095418,2.9537187
mRNA_002197,0,5.5215178,-2.0542026
mRNA_008226,0,10.536425,-1.9602153
mRNA_012296,0,3.0822787,-3.4360342
mRNA_001618,0,2.3027186,0.115181595
mRNA_014316,0,11.511324,8.188658
mRNA_012908,0,12.814943,2.1965096
mRNA_012880,0,4.7260303,2.1501992
mRNA_009411,0,-2.1292105,-3.5015047
mRNA_005169,0,8.583785,-2.2825763
mRNA_013329,0,11.016124,-5.2013955
mRNA_008123,0,11.727326,1.7566836
mRNA_003324,0,8.983251,3.7674706
mRNA_012587,0,4.6426044,-6.0403523
mRNA_004965,0,12.588931,-2.468002
mRNA_009918,0,2.80985,2.3488467
mRNA_010282,0,13.986363,-2.269321
mRNA_008091,0,-0.60134923,0.9899949
mRNA_013573,0,-1.8498312,6.1734223
mRNA_011666,0,13.421878,8.782621
mRNA_004590,0,4.5302405,-8.45671
mRNA_013306,0,9.619108,2.5241797
mRNA_007557,0,0.8140352,-7.9868426
mRNA_004846,0,4.144747,-0.65261626
mRNA_002207,0,0.75360185,-4.493965
mRNA_006537,0,14.855371,-0.45032996
mRNA_013538,0,12.896303,9.188656
mRNA_006571,0,7.102755,-6.8733835
mRNA_012900,0,8.278231,-7.054783
mRNA_004730,0,2.3434596,-2.7365057
mRNA_014032,0,7.177459,-7.4265866
mRNA_013430,0,13.523896,3.677343
mRNA_005995,0,12.8210745,-4.035817
mRNA_002836,0,10.016173,0.9935416
mRNA_011305,0,10.967197,-4.9726596
mRNA_009312,0,12.396439,9.257118
mRNA_013685,0,1.3550804,0.33833274
mRNA_013516,0,2.7557516,-0.5087342
mRNA_013278,0,10.806999,-4.829407
mRNA_001679,0,-0.2412162,-1.5306748
mRNA_011878,0,1.4622389,-4.091721
mRNA_005109,0,-1.0811982,-0.44409195
mRNA_011585,0,-0.7249404,-2.7178524
mRNA_012450,0,1.5253506,-3.6403432
mRNA_012372,0,4.0554,5.708236
mRNA_012105,0,4.612739,1.4782248
mRNA_004084,0,10.794975,2.7477
mRNA_002664,0,11.017792,-4.3645964
mRNA_010911,0,11.193564,2.2049453
mRNA_014718,0,7.87676,2.0600026
mRNA_007460,0,4.6865015,-4.3478165
mRNA_003130,0,0.87386405,-2.1091719
mRNA_011982,0,9.788676,4.045717
mRNA_011319,0,5.8229294,2.1812966
mRNA_010273,0,12.015262,4.5990868
mRNA_002587,0,4.842331,4.9343657
mRNA_014049,0,6.6313033,-3.8036284
mRNA_002772,0,6.1920295,6.745841
mRNA_004522,0,13.890612,-1.3014836
mRNA_001605,0,8.415514,4.1209598
mRNA_008189,0,13.267095,-3.0369217
mRNA_014018,0,8.11172,5.4444995
mRNA_007272,0,7.7845144,3.005543
mRNA_005322,0,12.343107,2.163453
mRNA_002342,0,-1.0335354,2.1980474
mRNA_001706,0,-0.24385644,-3.9389338
mRNA_008719,0,10.520187,-1.2368361
mRNA_007536,0,-4.2398252,-0.46721154
mRNA_010158,0,8.771183,2.8986237
mRNA_011488,0,-2.4929223,-5.8708034
mRNA_014027,0,0.7988144,-3.7613006
mRNA_001061,0,9.42948,-5.314863
mRNA_014408,0,8.016406,8.38978
mRNA_007428,0,9.229888,3.5510678
mRNA_008828,0,8.509748,2.8699088
mRNA_012556,0,7.0882225,-4.2107573
mRNA_011825,0,5.3621154,0.9756485
mRNA_011782,0,8.6901455,4.958775
mRNA_002591,0,4.3319545,-6.013641
mRNA_002718,0,11.709534,-4.6487055
mRNA_009035,0,2.2409596,-0.38570485
mRNA_003190,0,13.4252825,-3.491319
mRNA_003370,0,11.565903,1.0056231
mRNA_011721,0,-2.607556,6.955406
mRNA_014140,0,3.4138966,5.663813
mRNA_009940,0,6.146812,9.168233
mRNA_005285,0,8.868049,-5.6773753
mRNA_006038,0,-2.1565382,2.2082837
mRNA_012195,0,2.443116,-1.6501576
mRNA_002011,0,11.99502,1.097348
mRNA_014146,0,0.10590452,-5.185374
mRNA_002060,0,9.269712,-6.416519
mRNA_007684,0,14.336661,-1.9755478
mRNA_000759,0,-7.2456746,2.1609266
mRNA_002994,0,7.90667,9.035188
mRNA_010747,0,8.533148,-1.8253778
mRNA_005976,0,3.0982094,9.366905
mRNA_000862,0,13.323155,1.6676567
mRNA_007170,0,11.668289,10.198225
mRNA_014152,0,5.4868927,-3.4567616
mRNA_014813,0,5.4124575,-5.0841427
mRNA_012491,0,-3.3934407,-6.614408
mRNA_007277,0,-1.1179733,-1.1321614
mRNA_012268,0,0.30387524,-2.9925556
mRNA_006365,0,11.71373,9.951273
mRNA_011951,0,4.0260158,4.46396
mRNA_012144,0,13.744467,2.807401
mRNA_008744,0,2.8409424,-1.6630453
mRNA_010232,0,13.769925,-1.2548591
mRNA_014107,0,6.4632215,-3.7628071
mRNA_002328,0,8.710045,4.645497
mRNA_001079,0,5.3578043,3.0988982
mRNA_005549,0,13.001728,-2.9457572
mRNA_009301,0,12.343642,-3.0588465
mRNA_004674,0,12.219226,2.9611616
mRNA_008704,0,14.567342,-0.8129503
mRNA_001948,0,10.971218,-2.8122873
mRNA_006722,0,2.1405332,-0.08423847
mRNA_009941,0,5.648178,-6.414686
mRNA_014307,0,1.216359,-0.99936324
mRNA_013357,0,5.3103027,6.9018993
mRNA_003798,0,5.9846396,-4.341053
mRNA_007296,0,13.715102,-1.5630698
mRNA_003182,0,6.776108,-3.9032269
mRNA_001307,0,0.66662,-3.498468
mRNA_013771,0,3.024093,-1.7323707
mRNA_006210,0,6.16881,1.3452792
mRNA_001474,0,8.306013,1.9242542
mRNA_013275,0,8.259259,10.272329
mRNA_009315,0,-1.1823314,-0.7880956
mRNA_005275,0,7.671295,-7.07066
mRNA_002101,0,8.836885,3.780438
mRNA_002593,0,9.416275,-2.0967982
mRNA_010295,0,8.711586,-3.9688365
mRNA_000730,0,7.6777678,-4.3122253
mRNA_007109,0,13.051687,4.51303
mRNA_003936,0,0.29048255,-2.2381725
mRNA_008142,0,13.682067,3.1277633
mRNA_006514,0,7.2895393,5.2020483
mRNA_001898,0,8.394757,-1.6125925
mRNA_008211,0,-4.4613733,-3.8128204
mRNA_003519,0,3.085263,9.196173
mRNA_011027,0,3.5967553,-4.38856
mRNA_014793,0,-1.0943059,2.2713463
mRNA_005085,0,0.5156211,3.9020066
mRNA_001086,0,2.6108572,7.048646
mRNA_005801,0,14.122114,-2.1454837
mRNA_007098,0,4.2588296,-4.972623
mRNA_014724,0,7.384611,10.115219
mRNA_003160,0,11.636804,-5.0428505
mRNA_005497,0,-2.7447355,-5.9920025
mRNA_010698,0,6.005007,-4.1479206
mRNA_006259,0,3.5715904,7.0372787
mRNA_007644,0,5.6688004,1.3042934
mRNA_006242,0,11.044299,-3.9276142
mRNA_005183,0,12.1814,4.217681
mRNA_010801,0,10.586822,2.649591
mRNA_014763,0,3.985953,-7.502771
mRNA_013041,0,7.493456,-7.056526
mRNA_008667,0,10.345143,9.655494
mRNA_004457,0,3.707439,0.06645874
mRNA_004262,0,-3.9923816,0.8737105
mRNA_014719,0,5.709625,2.4729614
mRNA_006187,0,0.73861957,5.66018
mRNA_000028,0,12.411298,-3.747894
