id_a,id_b,gene_a,gene_b,shared_20mers,coverage_a,coverage_b
iB_03708,iB_03288,TC032966,TC034284,418,0.926829268292683,0.926829268292683
iB_05197,iB_03181,TC035002,TC034227,445,0.956989247311828,0.956989247311828
iB_06120,iB_05947,unknown_iB_06120,TC031818,426,1.0,1.0
iB_06537,iB_06495,TC034396,TC011618,375,0.8314855875831486,0.8314855875831486
iB_06678,iB_03291,unknown_iB_06678,TC031636,453,1.0,1.0
iB_06719,iB_03747,unknown_iB_06719,TC004405,457,1.0,1.0
iB_06759,iB_04225,unknown_iB_06759,TC031564,461,1.0,1.0
iB_06779,iB_01100,TC031165,TC015454,305,0.8111702127659575,0.6112224448897795
iB_06946,iB_03468,unknown_iB_06946,TC002908,491,1.0,1.0
iB_07257,iB_04257,unknown_iB_07257,TC007026,507,1.0,1.0
iB_07378,iB_07302,TC000841,unknown_iB_07302,520,1.0,1.0
iB_09823,iB_09543,unknown_iB_09823,TC034027,142,1.0,1.0
iB_12120,iB_12106,TC003449,TC002985,222,1.0,1.0
iB_12175,iB_12174,TC005096,TC005093,161,0.71875,0.755868544600939
iB_12180,iB_03912,TC005160,TC033284,148,0.7184466019417476,0.33109619686800895
iB_12229,iB_12216,TC006134,TC006017,141,0.6714285714285714,0.6746411483253588
iB_12235,iB_04082,TC006184,TC033983,156,0.5735294117647058,0.3842364532019704
iB_12402,iB_12172,TC008501,TC005042,143,0.6163793103448276,0.8773006134969326
iB_12538,iB_12172,TC010389,TC005042,93,0.5568862275449101,0.5705521472392638
iB_13068,iB_13067,TC030160,TC030159,210,1.0,0.967741935483871
iB_13213,iB_12555,TC031234,TC010573,247,0.9427480916030534,0.96484375
iB_13277,iB_11008,TC031978,TC033447,126,0.50199203187251,0.6237623762376238
iB_13417,iB_13041,TC033408,TC030044,73,0.35096153846153844,0.6134453781512605
iB_13520,iB_05119,TC034418,TC034419,154,0.7403846153846154,0.32905982905982906
iB_13589,iB_12291,TC000035,TC006963,80,0.43956043956043955,0.64
iB_13605,iB_12077,TC002267,TC001821,194,0.9651741293532339,0.9651741293532339
iB_13608,iB_07386,TC002322,TC031693,108,0.7248322147651006,0.18717504332755633
iB_13622,iB_06193,TC005230,TC032002,228,1.0,0.4461839530332681
iB_13652,iB_12077,TC010554,TC001821,134,0.4557823129251701,0.6666666666666666
iB_13709,iB_00593,TC032444,TC032445,178,0.717741935483871,0.3795309168443497
iB_13741,iB_13740,TC005209,TC004100,180,0.7142857142857143,0.8450704225352113
iB_13748,iB_00407,TC000018,TC031333,149,0.745,0.28709055876685935
iB_13833,iB_02575,TC001391,TC016332,154,0.7938144329896907,0.32421052631578945
iB_13858,iB_05223,TC001961,TC012353,204,1.0,0.4188911704312115
iB_13861,iB_13853,TC001994,TC001860,130,0.7647058823529411,0.6467661691542289
iB_13890,iB_08041,TC002531,TC032618,245,1.0,0.4832347140039448
iB_13980,iB_06961,TC003592,TC005206,165,0.8168316831683168,0.4435483870967742
iB_14035,iB_03702,TC005047,TC035038,210,0.8015267175572519,0.46255506607929514
iB_14047,iB_06355,TC005141,TC015753,128,0.540084388185654,0.26556016597510373
iB_14188,iB_06235,TC007326,TC031105,264,1.0,0.5333333333333333
iB_14245,iB_04306,TC008196,TC031107,182,0.8625592417061612,0.3654618473895582
iB_14436,iB_03325,TC011505,TC033931,195,0.8666666666666667,0.3584558823529412
iB_14465,iB_14271,TC011903,TC008568,57,0.5,0.252212389380531
iB_14533,iB_03326,TC012981,TC035031,147,0.7135922330097088,0.3141025641025641
iB_14647,iB_05410,TC014530,TC031195,120,0.5042016806722689,0.2631578947368421
iB_14687,iB_05740,TC015008,TC015681,141,0.7014925373134329,0.31194690265486724
iB_14726,iB_14680,TC015733,TC014964,267,1.0,1.0
iB_14730,iB_12928,TC015786,TC014918,233,1.0,1.0
iB_14772,iB_06159,TC016417,TC003245,112,0.7368421052631579,0.20588235294117646
iB_14896,iB_03736,TC031450,TC031451,202,1.0,0.376865671641791
iB_14938,iB_13882,TC031751,TC002362,107,0.5194174757281553,0.7925925925925926
iB_14955,iB_01042,TC031825,TC006388,119,0.8623188405797102,0.21794871794871795
iB_14961,iB_13868,TC031890,TC002094,224,1.0,0.7777777777777778
iB_15273,iB_15272,TC034071,TC034070,147,0.6933962264150944,0.7313432835820896
iB_15290,iB_06787,TC034207,TC034957,167,0.784037558685446,0.31688804554079697
iB_15310,iB_15309,TC034391,TC034390,145,0.6971153846153846,0.6839622641509434
iB_15444,iB_15443,TC034988,TC034956,201,1.0,1.0
iB_15451,iB_07351,TC002334,unknown_iB_07351,159,0.7535545023696683,0.29831144465290804
iB_15461,iB_15374,TC031177,TC034760,223,1.0,1.0
iB_15473,iB_15468,TC034758,TC033527,201,0.995049504950495,0.8553191489361702
iB_15502,iB_07771,TC031915,TC035024,171,0.6812749003984063,0.333984375
iB_15538,iB_15413,TC032707,TC035015,215,1.0,1.0
iB_15549,iB_14388,TC034972,TC010487,179,0.8099547511312217,0.7816593886462883
iB_15563,iB_13816,TC000370,TC001177,124,0.4940239043824701,0.6326530612244898
iB_15569,iB_15548,TC034998,TC032983,256,1.0,1.0
iB_15571,iB_03359,TC002352,TC002356,245,0.928030303030303,0.49
iB_15581,iB_15553,TC031597,TC032709,152,1.0,0.5891472868217055
iB_15585,iB_02515,TC014906,TC015810,130,0.5462184873949579,0.2844638949671772
iB_15608,iB_08629,TC033560,TC034762,210,1.0,0.3783783783783784
iB_15624,iB_15611,TC033986,TC031273,201,1.0,1.0
iB_15637,iB_04239,TC034499,TC034933,209,1.0,0.4354166666666667
iB_15638,iB_15629,TC014914,TC005143,86,0.7747747747747747,0.589041095890411
iB_15656,iB_02805,TC013257,TC033186,182,0.6618181818181819,0.5069637883008357
iB_15660,iB_15613,TC034078,TC034839,224,0.835820895522388,0.8582375478927203
iB_15670,iB_01100,TC010393,TC015454,149,0.5457875457875457,0.2985971943887776
iB_15680,iB_15414,TC031896,TC035016,223,1.0,1.0
iB_15691,iB_07286,TC002342,TC031753,280,1.0,0.5797101449275363
iB_15700,iB_15428,TC004912,TC030932,157,0.7810945273631841,0.6796536796536796
iB_15751,iB_15010,TC003049,TC032358,90,0.703125,0.37037037037037035
iB_15767,iB_15695,TC032768,TC034649,203,1.0,0.875
iB_15811,iB_10892,TC013584,TC014221,102,0.5483870967741935,0.46788990825688076
iB_15844,iB_07007,TC002708,TC032496,193,0.7366412213740458,0.5273224043715847
iB_15914,iB_08047,TC000155,TC010473,183,0.8511627906976744,0.36023622047244097
iB_15960,iB_08062,TC034639,unknown_iB_08062,191,0.8681818181818182,0.37450980392156863
iB_15983,iB_15968,TC035007,TC031223,112,0.5209302325581395,0.49777777777777776
iB_16027,iB_13814,TC000429,TC001140,147,0.7135922330097088,1.0
iB_16047,iB_16003,TC005155,TC004101,188,0.8506787330316742,0.8506787330316742
iB_16060,iB_06774,TC035001,TC034966,84,0.7567567567567568,0.18584070796460178
iB_16069,iB_14415,TC033905,TC010985,105,0.5223880597014925,0.44871794871794873
iB_16077,iB_14374,TC001587,TC010299,145,0.6016597510373444,0.7552083333333334
iB_16121,iB_00305,TC002040,TC034969,115,1.0,0.2680652680652681
iB_16135,iB_15432,TC001854,TC002020,153,0.7320574162679426,0.7320574162679426
iB_16153,iB_15895,TC011891,TC012617,191,0.7074074074074074,0.8681818181818182
iB_16160,iB_05760,TC015565,TC015145,162,1.0,0.3537117903930131
iB_16220,iB_16135,TC005150,TC001854,106,0.45493562231759654,0.507177033492823
iB_16360,iB_16345,TC010391,TC030938,68,0.422360248447205,0.5666666666666667
iB_16407,iB_06961,TC004213,TC005206,80,0.6666666666666666,0.21505376344086022
iB_16416,iB_16368,TC011591,TC001486,115,0.6149732620320856,0.4831932773109244
iB_16446,iB_15448,TC032713,TC032281,218,0.9276595744680851,0.889795918367347
iB_16453,iB_15595,TC030936,TC006926,187,0.8130434782608695,0.9303482587064676
iB_16453,iB_15700,TC030936,TC004912,143,0.6217391304347826,0.7114427860696517
iB_16459,iB_16003,TC010621,TC004101,114,1.0,0.5158371040723982
iB_16468,iB_16351,TC010688,TC002326,246,0.8512110726643599,0.8512110726643599
iB_16469,iB_16360,TC030918,TC010391,84,1.0,0.5217391304347826
iB_16470,iB_15433,TC031073,TC002036,59,0.7108433734939759,1.0
iB_16470,iB_16360,TC031073,TC010391,42,0.5060240963855421,0.2608695652173913
iB_16488,iB_16003,TC011486,TC004101,86,0.7107438016528925,0.3891402714932127
iB_16546,iB_16494,TC004271,TC030927,57,0.504424778761062,0.49137931034482757
iB_16626,iB_16598,TC016144,TC005156,78,0.6341463414634146,0.6724137931034483
iB_16822,iB_13621,TC002200,TC005226,130,0.625,0.6435643564356436
iB_16833,iB_12077,TC002640,TC001821,109,0.5422885572139303,0.5422885572139303
iB_16840,iB_12471,TC002843,TC009448,145,0.6170212765957447,0.614406779661017
iB_16845,iB_13948,TC003292,TC003168,205,1.0,1.0
iB_16938,iB_15487,TC003599,TC002840,107,0.5023474178403756,0.4037735849056604
iB_16962,iB_15620,TC004211,TC010984,136,0.7727272727272727,0.5938864628820961
iB_16967,iB_16216,TC015887,TC006916,111,1.0,0.6809815950920245
iB_16972,iB_15531,TC002370,TC000135,121,0.49387755102040815,0.599009900990099
iB_17002,iB_07781,TC031080,TC034815,155,0.8031088082901554,0.35962877030162416
iB_17006,iB_13212,TC002022,TC031219,223,1.0,1.0
iB_17018,iB_16216,TC006915,TC006916,152,0.9620253164556962,0.9325153374233128
iB_17030,iB_07386,TC012968,TC031693,241,0.9233716475095786,0.41767764298093585
iB_17048,iB_14271,TC002176,TC008568,125,0.6218905472636815,0.5530973451327433
iB_17048,iB_14521,TC002176,TC012886,73,0.36318407960199006,0.5251798561151079
iB_17418,iB_12533,TC005002,TC010339,142,0.5748987854251012,0.5163636363636364
iB_17463,iB_13269,TC031908,TC031913,138,0.6301369863013698,0.6540284360189573
iB_17488,iB_13856,TC001915,TC001948,161,0.7777777777777778,0.8385416666666666
iB_17499,iB_07965,TC003465,TC003466,220,1.0,0.43564356435643564
iB_17561,iB_15489,TC004335,TC002180,122,0.8591549295774648,0.7134502923976608
iB_17563,iB_14300,TC009952,TC008890,164,0.6978723404255319,0.7354260089686099
iB_17564,iB_15429,TC031950,TC031085,108,0.5625,0.6390532544378699
iB_17567,iB_15525,TC034544,TC031985,199,0.7210144927536232,0.9255813953488372
iB_17574,iB_15550,TC014800,TC034710,108,0.46153846153846156,0.5023255813953489
iB_17635,iB_16471,TC000157,TC001583,61,0.3112244897959184,0.5648148148148148
iB_17655,iB_17051,TC016138,TC005293,77,0.6260162601626016,0.6581196581196581
iB_17667,iB_04706,TC004252,TC031620,56,0.5,0.12017167381974249
mRNA_000025,iB_02357,TC014940,TC015766,222,0.8740157480314961,0.4493927125506073
mRNA_000028,iB_16279,TC004225,TC032966,103,0.403921568627451,0.5099009900990099
mRNA_000039,iB_15482,TC000724,TC030990,207,0.5376623376623376,1.0
mRNA_000043,iB_14836,TC031009,TC031083,61,0.3034825870646766,0.5258620689655172
mRNA_000045,iB_09310,TC006440,TC031280,151,0.6801801801801802,0.719047619047619
mRNA_000048,iB_16796,TC005203,TC004077,114,0.5402843601895735,0.397212543554007
mRNA_000060,iB_00242,TC000193,TC001348,474,0.9595141700404858,0.9404761904761905
mRNA_000069,iB_06393,TC005331,TC006800,210,1.0,0.4525862068965517
mRNA_000071,iB_17211,TC002159,TC016114,121,0.5238095238095238,0.555045871559633
mRNA_000076,iB_15898,TC031225,TC031325,116,0.4377358490566038,0.6480446927374302
mRNA_000097,iB_08962,TC031661,TC034204,176,0.37849462365591396,0.8186046511627907
mRNA_000098,iB_09302,TC003256,TC032291,106,0.5047619047619047,0.5221674876847291
mRNA_000099,iB_04361,TC007664,TC010295,123,0.5829383886255924,0.24649298597194388
mRNA_000101,iB_13870,TC034211,TC002103,91,0.2993421052631579,0.8198198198198198
mRNA_000107,iB_14427,TC011153,TC011332,154,0.42896935933147634,0.6390041493775933
mRNA_000113,mRNA_000051,TC035048,TC033485,187,0.8779342723004695,0.7362204724409449
mRNA_000119,iB_03267,TC030937,TC034204,254,0.6864864864864865,0.5369978858350951
mRNA_000126,iB_17042,TC001911,TC002327,164,0.6693877551020408,0.7224669603524229
mRNA_000149,iB_13551,TC007811,TC034645,117,0.4448669201520912,0.5223214285714286
mRNA_000157,iB_16458,TC016145,TC004247,159,0.5955056179775281,0.6186770428015564
mRNA_000162,iB_07459,TC030245,TC031264,239,1.0,0.47326732673267324
mRNA_000166,iB_06368,TC030563,TC031253,300,0.9375,0.6607929515418502
mRNA_000168,iB_01723,TC010659,TC010660,402,0.8893805309734514,1.0
mRNA_000172,iB_04235,TC006902,TC006903,202,1.0,0.49148418491484186
mRNA_000173,iB_08089,TC007616,TC007890,238,0.5162689804772235,0.47128712871287126
mRNA_000194,iB_05969,TC016174,TC031615,495,0.9724950884086444,1.0
mRNA_000199,iB_10472,TC009238,TC033570,144,0.7164179104477612,0.6575342465753424
mRNA_000203,iB_02971,TC000073,TC032776,222,1.0,0.46153846153846156
mRNA_000205,iB_16989,TC034791,TC031199,68,0.6126126126126126,0.2905982905982906
mRNA_000206,iB_08837,TC030970,TC032525,224,1.0,0.43664717348927873
mRNA_000208,iB_16211,TC001905,TC031854,232,0.48132780082987553,1.0
mRNA_000214,iB_05886,TC015742,TC015743,229,1.0,0.5066371681415929
mRNA_000216,iB_17042,TC005154,TC002327,136,0.5862068965517241,0.5991189427312775
mRNA_000226,iB_00799,TC005057,TC031088,409,0.8989010989010989,0.8665254237288136
mRNA_000246,iB_03706,TC004216,TC008506,241,1.0,0.6147959183673469
mRNA_000257,iB_07348,TC031221,TC031862,179,0.8905472636815921,0.3435700575815739
mRNA_000260,iB_14949,TC031798,TC031797,97,0.8362068965517241,0.4110169491525424
mRNA_000276,iB_04042,TC005944,TC006212,412,1.0,0.9217002237136466
mRNA_000280,iB_09325,TC016158,TC016160,218,0.48337028824833705,1.0
mRNA_000280,iB_16615,TC016158,TC016146,99,0.21951219512195122,0.66
mRNA_000281,iB_10560,TC008889,TC009953,170,0.7870370370370371,0.8673469387755102
mRNA_000291,iB_09741,TC003395,TC008898,203,0.4109311740890688,1.0
mRNA_000294,iB_03255,TC001792,TC008492,249,1.0,0.5309168443496801
mRNA_000298,iB_09307,TC005333,TC031292,150,0.35377358490566035,0.7281553398058253
mRNA_000302,iB_01865,TC011552,TC034582,375,0.8081896551724138,1.0
mRNA_000304,iB_11046,TC007615,TC007891,114,1.0,0.3917525773195876
mRNA_000312,iB_07039,TC032555,TC034611,430,0.9168443496801706,0.945054945054945
mRNA_000317,iB_16471,TC000156,TC001583,108,0.6666666666666666,1.0
mRNA_000332,iB_16458,TC016236,TC004247,196,0.4279475982532751,0.7626459143968871
mRNA_000334,iB_16964,TC014231,TC014230,181,0.3875802997858672,0.8960396039603961
mRNA_000338,iB_05938,TC015989,TC034815,124,0.5414847161572053,0.26215644820295986
mRNA_000343,iB_07251,TC011005,TC030898,364,0.6829268292682927,0.7294589178356713
mRNA_000344,iB_01761,TC010912,TC031132,422,0.8828451882845189,0.8068833652007649
mRNA_000350,iB_09716,TC000160,TC030562,208,0.896551724137931,0.9765258215962441
mRNA_000354,iB_17624,TC030977,TC001837,120,0.42704626334519574,0.7017543859649122
mRNA_000360,iB_03921,TC030946,TC035031,175,0.7743362831858407,0.35496957403651114
mRNA_000376,iB_00137,TC000602,TC000982,214,0.9953488372093023,0.4403292181069959
mRNA_000383,iB_08426,TC013084,TC033246,445,0.7712305025996534,0.8811881188118812
mRNA_000386,iB_04902,TC031803,TC031894,377,0.8510158013544018,0.7887029288702929
mRNA_000387,iB_16183,TC005264,TC010982,116,0.39862542955326463,0.5658536585365853
mRNA_000387,mRNA_000224,TC005264,TC008592,205,0.7044673539518901,0.7735849056603774
mRNA_000402,iB_10506,TC004807,TC031712,139,0.6587677725118484,0.6123348017621145
mRNA_000412,iB_04019,TC005834,TC034038,395,0.8077709611451943,0.8624454148471615
mRNA_000415,iB_12563,TC006136,TC010712,229,0.4946004319654428,0.7815699658703071
mRNA_000417,iB_04073,TC006132,TC031270,224,1.0,0.45807770961145194
mRNA_000429,iB_06765,TC016050,TC031910,221,0.4722222222222222,0.6005434782608695
mRNA_000439,iB_12547,TC008599,TC010488,129,0.6386138613861386,0.5352697095435685
mRNA_000442,iB_00694,TC004429,TC004958,386,0.8143459915611815,0.8427947598253275
mRNA_000447,iB_03919,TC005199,TC032704,264,1.0,0.5376782077393075
mRNA_000455,iB_03326,TC003833,TC035031,167,0.8226600985221675,0.35683760683760685
mRNA_000462,iB_03703,TC006906,TC035038,450,0.9127789046653144,0.8704061895551257
mRNA_000480,iB_03703,TC004178,TC035038,281,0.5805785123966942,0.5435203094777563
mRNA_000481,iB_08861,TC006177,TC034820,301,1.0,0.6044176706827309
mRNA_000488,iB_10784,TC032956,TC033893,127,0.5100401606425703,0.6287128712871287
mRNA_000489,iB_04990,TC031349,TC031351,228,0.4245810055865922,0.5574572127139364
mRNA_000490,mRNA_000375,TC031886,TC010305,90,0.8108108108108109,0.4368932038834951
mRNA_000496,iB_04239,TC006929,TC034933,301,0.6336842105263157,0.6270833333333333
mRNA_000497,iB_00513,TC003086,TC031027,159,0.6794871794871795,0.452991452991453
mRNA_000508,iB_16540,TC031736,TC033293,220,0.5152224824355972,0.9282700421940928
mRNA_000510,iB_17585,TC034588,TC032405,199,0.4392935982339956,0.8766519823788547
mRNA_000521,iB_15428,TC015878,TC030932,179,0.3645621181262729,0.7748917748917749
mRNA_000521,iB_17559,TC015878,TC004411,114,0.23217922606924643,1.0
mRNA_000530,iB_17559,TC030952,TC004411,108,0.4909090909090909,0.9473684210526315
mRNA_000532,iB_17049,TC031946,TC031947,117,0.268348623853211,0.5598086124401914
mRNA_000533,iB_13740,TC008559,TC004100,132,0.6376811594202898,0.6197183098591549
mRNA_000538,iB_07796,TC004523,TC004535,314,0.6962305986696231,0.5804066543438078
mRNA_000543,iB_05739,TC015004,TC030908,178,0.7385892116182573,0.3852813852813853
mRNA_000545,iB_15570,TC006014,TC004181,179,0.38085106382978723,1.0
mRNA_000549,iB_01027,TC034029,TC034030,112,0.9824561403508771,0.2986666666666667
mRNA_000556,iB_05181,TC012137,TC012237,426,1.0,0.9200863930885529
mRNA_000564,iB_07375,TC000764,TC032039,312,0.574585635359116,0.5977011494252874
mRNA_000579,iB_07362,TC009333,TC033539,391,0.7773359840954275,0.7476099426386233
mRNA_000581,iB_00407,TC002591,TC031333,205,1.0,0.394990366088632
mRNA_000584,iB_15432,TC004347,TC002020,154,0.6905829596412556,0.7368421052631579
mRNA_000595,iB_04882,TC031775,TC031873,173,0.7723214285714286,0.37044967880085655
mRNA_000597,iB_06504,TC012665,TC034426,248,0.8131147540983606,0.5081967213114754
mRNA_000605,iB_08962,TC001905,TC034204,176,0.34375,0.8186046511627907
mRNA_000615,iB_08581,TC033486,TC035039,460,0.9808102345415778,0.9704641350210971
mRNA_000628,iB_16467,TC004205,TC005037,225,0.4269449715370019,0.8490566037735849
mRNA_000631,iB_13740,TC015874,TC004100,185,0.8851674641148325,0.8685446009389671
mRNA_000634,iB_04230,TC031703,TC033322,324,0.6441351888667992,0.7346938775510204
mRNA_000637,iB_04525,TC005264,TC031014,268,0.5458248472505092,0.5480572597137015
mRNA_000653,iB_15875,TC004867,TC031987,111,0.5414634146341464,0.5311004784688995
mRNA_000656,iB_07402,TC007020,TC016154,410,0.8855291576673866,0.7945736434108527
mRNA_000659,iB_17608,TC006970,TC030916,70,0.1511879049676026,0.6194690265486725
mRNA_000669,mRNA_000619,TC002152,TC000006,91,0.3905579399141631,0.8198198198198198
mRNA_000674,iB_04410,TC007984,TC007985,188,1.0,0.3805668016194332
mRNA_000692,mRNA_000135,TC006071,TC005061,250,0.7692307692307693,0.4921259842519685
mRNA_000706,iB_05947,TC016035,TC031818,242,1.0,0.568075117370892
mRNA_000709,iB_05362,TC012970,TC031847,199,0.40447154471544716,0.5452054794520548
mRNA_000712,iB_06086,TC005119,TC030948,407,0.8189134808853119,0.8925438596491229
mRNA_000715,iB_09147,TC015424,TC015425,140,0.5555555555555556,0.5363984674329502
mRNA_000716,mRNA_000664,TC033501,TC033500,139,0.45874587458745875,0.6650717703349283
mRNA_000718,iB_15857,TC035028,TC031883,182,0.4035476718403548,0.6594202898550725
mRNA_000730,iB_16314,TC004881,TC004506,147,0.2934131736526946,1.0
mRNA_000732,mRNA_000664,TC005082,TC033500,169,0.528125,0.8086124401913876
mRNA_000735,mRNA_000635,TC006960,TC005292,174,0.47540983606557374,0.8130841121495327
mRNA_000738,iB_08480,TC015298,TC015430,298,0.654945054945055,0.5936254980079682
mRNA_000752,iB_09569,TC001407,TC012221,248,0.4901185770750988,1.0
mRNA_000754,iB_10486,TC001727,TC032545,251,0.5540838852097131,1.0
mRNA_000771,iB_04706,TC009799,TC031620,230,0.5927835051546392,0.49356223175965663
mRNA_000774,iB_10499,TC015919,TC015931,190,0.8085106382978723,0.6834532374100719
mRNA_000778,iB_13274,TC033485,TC031935,92,0.20087336244541484,0.8214285714285714
mRNA_000787,iB_14465,TC003868,TC011903,57,0.11046511627906977,0.5
mRNA_000789,iB_03326,TC031891,TC035031,446,0.8643410852713178,0.9529914529914529
mRNA_000801,iB_17624,TC031324,TC001837,136,0.4503311258278146,0.7953216374269005
mRNA_000810,mRNA_000403,TC004225,TC002033,213,0.4251497005988024,0.5272277227722773
mRNA_000819,iB_05917,TC015866,TC035015,423,0.8980891719745223,0.846
mRNA_000830,iB_03197,TC001492,TC031731,227,0.6522988505747126,0.45582329317269077
mRNA_000836,iB_03749,TC001484,TC034993,107,0.5023474178403756,0.21747967479674796
mRNA_000843,mRNA_000164,TC030958,TC031736,198,0.9428571428571428,0.4370860927152318
mRNA_000848,iB_16294,TC002818,TC003662,181,0.3562992125984252,0.900497512437811
mRNA_000859,iB_06961,TC002845,TC005206,145,0.6387665198237885,0.3897849462365591
mRNA_000861,iB_07749,TC031090,TC033904,196,1.0,0.550561797752809
mRNA_000865,iB_16462,TC010605,TC011282,178,0.48633879781420764,1.0
mRNA_000885,iB_06280,TC009980,TC031207,201,1.0,0.4707259953161593
mRNA_000886,iB_15789,TC011800,TC011799,108,0.5,0.7448275862068966
mRNA_000896,iB_04586,TC009068,TC033685,270,0.9507042253521126,0.5578512396694215
mRNA_000897,iB_12723,TC004202,TC012911,190,0.8597285067873304,0.7630522088353414
mRNA_000903,iB_10609,TC012948,TC031904,206,0.3843283582089552,1.0
mRNA_000913,iB_08654,TC009210,TC009598,184,1.0,0.359375
mRNA_000918,iB_03288,TC031882,TC034284,412,0.8784648187633263,0.9135254988913526
mRNA_000924,iB_15596,TC016000,TC002232,77,0.326271186440678,0.6875
mRNA_000938,iB_06907,TC003054,TC003381,401,0.8605150214592274,0.9260969976905312
mRNA_000951,iB_06434,TC005161,TC034295,171,0.7533039647577092,0.375
mRNA_000971,iB_16929,TC005154,TC001858,201,0.8445378151260504,0.8104838709677419
mRNA_000983,iB_08413,TC030001,unknown_iB_08413,214,0.6275659824046921,1.0
mRNA_000986,iB_13742,TC006935,TC005210,202,0.4122448979591837,1.0
mRNA_000992,iB_12606,TC011091,TC011385,108,0.8571428571428571,0.5217391304347826
mRNA_000995,iB_09326,TC030081,TC030989,154,0.7368421052631579,0.7129629629629629
mRNA_001007,iB_04900,TC010710,TC035027,208,0.5012048192771085,0.4378947368421053
mRNA_001008,iB_04445,TC008214,TC032852,328,0.6762886597938145,0.693446088794926
mRNA_001009,iB_15361,TC033170,TC034699,194,0.7854251012145749,0.9023255813953488
mRNA_001014,iB_04172,TC006560,TC034123,431,0.856858846918489,0.9016736401673641
mRNA_001020,iB_09570,TC031855,TC034914,134,0.28210526315789475,0.6203703703703703
mRNA_001020,mRNA_000305,TC031855,TC031218,127,0.2673684210526316,0.5619469026548672
mRNA_001055,iB_15855,TC033008,TC033007,209,0.45336225596529284,0.9126637554585153
mRNA_001062,iB_16454,TC002045,TC034964,203,0.41513292433537835,1.0
mRNA_001084,iB_10609,TC002152,TC031904,130,0.3217821782178218,0.6310679611650486
mRNA_001100,iB_10597,TC006002,TC016185,254,0.5485961123110151,0.8581081081081081
mRNA_001110,iB_10861,TC013082,TC014733,179,0.35236220472440943,0.8647342995169082
mRNA_001125,iB_04528,TC008652,TC010168,426,0.8336594911937377,0.8452380952380952
mRNA_001129,iB_16145,TC015744,TC034743,117,0.5391705069124424,0.5879396984924623
mRNA_001133,iB_12062,TC001692,TC001485,168,0.2876712328767123,0.7241379310344828
mRNA_001141,iB_17042,TC005195,TC002327,148,0.6244725738396625,0.6519823788546255
mRNA_001158,mRNA_001002,TC008104,TC007402,265,1.0,0.5047619047619047
mRNA_001167,mRNA_000331,TC030923,TC031203,354,0.7831858407079646,0.7375
mRNA_001181,iB_06698,TC002240,TC031127,209,0.8565573770491803,0.5757575757575758
mRNA_001190,iB_05607,TC014308,TC014309,209,1.0,0.48267898383371827
mRNA_001196,iB_16963,TC002031,TC004223,168,0.3574468085106383,0.8983957219251337
mRNA_001202,iB_15428,TC016418,TC030932,177,0.3561368209255533,0.7662337662337663
mRNA_001209,mRNA_000382,TC007517,TC007984,218,0.41366223908918404,1.0
mRNA_001221,iB_03960,TC005474,TC034153,303,0.6352201257861635,0.6365546218487395
mRNA_001229,iB_01952,TC001408,TC012222,272,0.5261121856866537,0.7120418848167539
mRNA_001235,iB_08507,TC015548,TC034729,391,0.782,1.0
mRNA_001237,iB_02193,TC013727,TC014070,422,0.9356984478935698,0.8356435643564356
mRNA_001253,iB_16148,TC010558,TC031784,114,0.24890829694323144,0.5
mRNA_001256,iB_04278,TC007112,TC031113,163,0.6877637130801688,0.35357917570498915
mRNA_001263,mRNA_000284,TC030931,TC030962,129,0.6354679802955665,0.602803738317757
mRNA_001282,iB_05955,TC016076,TC033931,392,0.7495219885277247,0.9679012345679012
mRNA_001283,iB_10235,TC031841,TC033481,267,0.55741127348643,1.0
mRNA_001287,mRNA_000664,TC033502,TC033500,139,0.549407114624506,0.6650717703349283
mRNA_001296,iB_10512,TC007780,TC007781,201,0.4036144578313253,1.0
mRNA_001297,iB_05043,TC011477,TC033344,234,1.0,0.5188470066518847
mRNA_001299,iB_03749,TC030895,TC034993,159,0.7361111111111112,0.3231707317073171
mRNA_001300,iB_08316,TC013422,TC014372,354,0.7831858407079646,0.7065868263473054
mRNA_001305,iB_16175,TC002168,TC005791,134,0.5903083700440529,0.9115646258503401
mRNA_001309,iB_09223,TC009715,TC012132,124,0.2678185745140389,0.5876777251184834
mRNA_001320,iB_12172,TC012195,TC005042,111,0.22424242424242424,0.6809815950920245
mRNA_001320,iB_13030,TC012195,TC016325,97,0.19595959595959597,0.6598639455782312
mRNA_001322,iB_16471,TC005287,TC001583,62,0.4806201550387597,0.5740740740740741
mRNA_001325,iB_15363,TC033202,TC034706,234,0.5021459227467812,1.0
mRNA_001328,mRNA_000858,TC033297,TC031886,93,0.2052980132450331,0.6888888888888889
mRNA_001331,iB_03767,TC004488,TC004892,244,1.0,0.6455026455026455
mRNA_001341,iB_04324,TC007399,TC032813,207,1.0,0.48705882352941177
mRNA_001348,iB_06209,TC006077,TC033939,201,1.0,0.4196242171189979
mRNA_001352,mRNA_000833,TC009714,TC009715,106,0.5247524752475248,0.4953271028037383
mRNA_001355,mRNA_000735,TC006145,TC006960,217,0.8346153846153846,0.592896174863388
mRNA_001361,iB_16929,TC010620,TC001858,208,0.4425531914893617,0.8387096774193549
mRNA_001375,iB_07212,TC032862,TC034665,281,1.0,0.5723014256619144
mRNA_001382,iB_14053,TC001993,TC005241,137,0.2555970149253731,0.6782178217821783
mRNA_001390,iB_04804,TC010304,TC034963,313,0.6007677543186181,0.945619335347432
mRNA_001390,iB_16271,TC010304,TC034883,164,0.31477927063339733,0.7161572052401747
mRNA_001391,iB_04851,TC010492,TC032526,349,0.6647619047619048,0.6547842401500938
mRNA_001391,mRNA_001253,TC010492,TC010558,357,0.68,0.7794759825327511
mRNA_001394,iB_13742,TC006930,TC005210,154,0.33405639913232105,0.7623762376237624
mRNA_001400,iB_16797,TC031174,TC000001,131,0.2524084778420039,0.6208530805687204
mRNA_001410,iB_10826,TC006960,TC032976,172,0.8113207547169812,0.7020408163265306
mRNA_001427,mRNA_000662,TC010687,TC001856,110,0.46218487394957986,0.5263157894736842
mRNA_001429,iB_15432,TC010616,TC002020,166,0.7867298578199052,0.7942583732057417
mRNA_001442,iB_17483,TC032975,TC010986,119,0.2463768115942029,0.5891089108910891
mRNA_001452,iB_05955,TC010227,TC033931,172,0.8113207547169812,0.4246913580246914
mRNA_001464,iB_07458,TC030242,TC031208,363,0.6685082872928176,0.654054054054054
mRNA_001468,iB_15429,TC030979,TC031085,130,0.5603448275862069,0.7692307692307693
mRNA_001469,mRNA_000848,TC002127,TC002818,105,0.5097087378640777,0.20669291338582677
mRNA_001490,mRNA_000079,TC005296,TC001545,132,0.6255924170616114,0.25680933852140075
mRNA_001493,iB_07426,TC012952,TC034897,327,0.7936893203883495,0.6078066914498141
mRNA_001506,iB_15437,TC005263,TC008591,201,0.44370860927152317,1.0
mRNA_001515,iB_06403,TC001850,TC012247,389,0.778,0.7749003984063745
mRNA_001521,iB_07196,TC008195,TC031107,434,0.8362235067437379,1.0
mRNA_001532,iB_15871,TC030893,TC030894,129,0.5758928571428571,0.675392670157068
mRNA_001538,iB_00115,TC000518,TC001059,312,0.6666666666666666,0.6917960088691796
mRNA_001539,iB_09475,TC016272,TC016290,243,0.7838709677419354,1.0
mRNA_001540,mRNA_001479,TC030947,TC032426,73,0.3348623853211009,0.5328467153284672
mRNA_001541,iB_09284,TC006246,TC006247,144,0.384,0.62882096069869
mRNA_001553,iB_04346,TC000071,TC033563,155,0.7560975609756098,0.3436807095343681
mRNA_001565,iB_07001,TC003696,TC031044,481,0.9958592132505176,0.9876796714579056
mRNA_001567,iB_03921,TC031259,TC035031,162,0.7136563876651982,0.3286004056795132
mRNA_001570,iB_08595,TC031360,TC034613,207,1.0,0.4519650655021834
mRNA_001573,iB_06785,TC000472,TC032166,220,0.8906882591093117,0.4339250493096647
mRNA_001575,iB_07871,TC001040,TC030996,393,0.7923387096774194,0.7332089552238806
mRNA_001589,iB_16351,TC005153,TC002326,168,0.34854771784232363,0.5813148788927336
mRNA_001595,iB_16457,TC031007,TC031627,315,0.6389452332657201,1.0
mRNA_001609,iB_01433,TC008895,TC009950,160,1.0,0.39119804400978
mRNA_001624,iB_05703,TC014827,TC034951,250,0.576036866359447,0.5446623093681917
mRNA_001631,iB_01100,TC006905,TC015454,442,0.9266247379454927,0.8857715430861723
mRNA_001682,iB_09543,TC001984,TC034027,132,0.2875816993464052,0.9295774647887324
mRNA_001682,iB_15428,TC001984,TC030932,171,0.37254901960784315,0.7402597402597403
mRNA_001692,iB_03702,TC004176,TC035038,200,0.9803921568627451,0.44052863436123346
mRNA_001707,iB_10784,TC008512,TC033893,131,0.5954545454545455,0.6485148514851485
mRNA_001727,iB_04872,TC008599,TC010570,153,0.6455696202531646,0.32210526315789473
mRNA_001749,iB_07723,TC010212,TC034537,184,0.8975609756097561,0.3586744639376218
mRNA_001757,iB_03182,TC001429,TC031343,142,1.0,0.30406852248394006
mRNA_001764,iB_10518,TC011008,TC011475,217,0.44742268041237115,1.0
mRNA_001819,mRNA_001361,TC010689,TC010620,160,0.7881773399014779,0.3404255319148936
mRNA_001828,iB_03899,TC031598,TC031761,245,0.4989816700610998,0.5349344978165939
mRNA_001846,iB_09322,TC015171,TC015539,210,0.3867403314917127,0.967741935483871
mRNA_001858,iB_09035,TC011541,unknown_iB_09035,103,0.20275590551181102,0.5
mRNA_001868,iB_16345,TC001951,TC030938,60,0.47619047619047616,0.5
mRNA_001872,iB_07355,TC014889,TC015666,284,0.5941422594142259,0.6410835214446953
mRNA_001874,iB_06293,TC011762,TC012730,258,1.0,0.6564885496183206
mRNA_001892,iB_10547,TC030325,TC034194,212,0.9814814814814815,0.9814814814814815
mRNA_001895,iB_07516,TC005653,TC006466,389,0.9067599067599068,0.778
mRNA_001899,mRNA_001039,TC015482,TC005263,148,0.32671081677704195,0.7254901960784313
mRNA_001923,mRNA_001134,TC012413,TC007504,99,0.6036585365853658,0.2682926829268293
mRNA_001924,iB_07771,TC031861,TC035024,354,0.7094188376753507,0.69140625
mRNA_001943,iB_05256,TC012513,TC030917,234,0.54292343387471,0.5154185022026432
mRNA_001961,iB_09330,TC030133,TC032787,112,0.5463414634146342,0.4497991967871486
mRNA_001968,iB_03891,TC004193,TC031715,330,0.7205240174672489,0.6238185255198487
mRNA_001978,iB_01486,TC009643,TC033596,169,0.7897196261682243,0.4720670391061452
mRNA_001985,iB_08007,TC001642,TC011458,202,0.8595744680851064,0.4031936127744511
mRNA_001996,mRNA_001671,TC002454,TC016180,125,0.5580357142857143,0.5
mRNA_002008,iB_07409,TC009209,TC033579,190,0.5352112676056338,0.40169133192389006
mRNA_002012,iB_15871,TC031225,TC030894,96,0.20600858369098712,0.5026178010471204
mRNA_002029,iB_03698,TC010714,TC035027,238,0.46303501945525294,0.5129310344827587
mRNA_002037,iB_15429,TC030969,TC031085,124,0.6458333333333334,0.7337278106508875
mRNA_002040,iB_03305,TC002108,TC010998,253,0.5536105032822757,0.5634743875278396
mRNA_002044,iB_06272,TC009445,TC033518,408,0.7891682785299806,0.769811320754717
mRNA_002048,iB_02543,TC035005,TC035038,461,0.9238476953907816,0.9766949152542372
mRNA_002064,iB_07749,TC031171,TC033904,171,0.7095435684647303,0.4803370786516854
mRNA_002069,iB_07408,TC008991,TC033716,323,0.6814345991561181,0.6129032258064516
mRNA_002072,iB_05787,TC011456,TC015255,117,0.582089552238806,0.33815028901734107
mRNA_002079,iB_08963,TC033554,TC035035,189,0.4144736842105263,0.8475336322869955
mRNA_002080,iB_03223,TC001625,TC030879,259,0.5211267605633803,0.5606060606060606
mRNA_002087,iB_05741,TC015020,TC030909,232,0.4989247311827957,0.5098901098901099
mRNA_002102,iB_12615,TC006076,TC011483,120,0.5607476635514018,0.5333333333333333
mRNA_002117,iB_07781,TC031898,TC034815,201,1.0,0.46635730858468677
mRNA_002140,mRNA_000157,TC032486,TC016145,147,0.3068893528183716,0.550561797752809
mRNA_002141,iB_16003,TC002328,TC004101,176,0.7553648068669528,0.7963800904977375
mRNA_002155,iB_06770,TC010682,TC034935,109,0.5215311004784688,0.22154471544715448
mRNA_002166,mRNA_000051,TC034982,TC033485,159,0.3456521739130435,0.6259842519685039
mRNA_002190,iB_16377,TC010687,TC012983,73,0.14867617107942974,0.6460176991150443
mRNA_002192,mRNA_000552,TC006070,TC005240,326,0.7164835164835165,0.844559585492228
mRNA_002195,iB_10822,TC031828,TC034944,178,0.3278084714548803,0.8054298642533937
mRNA_002205,iB_03730,TC004348,TC034492,145,1.0,0.3419811320754717
mRNA_002216,iB_16003,TC004982,TC004101,147,0.7313432835820896,0.665158371040724
mRNA_002227,mRNA_001123,TC031587,TC032775,203,0.9103139013452914,0.3881453154875717
mRNA_002233,iB_16447,TC033662,TC033663,269,0.5358565737051793,1.0
mRNA_002236,iB_15451,TC034206,TC002334,169,0.5348101265822784,0.8009478672985783
mRNA_002238,iB_17108,TC032007,TC004880,167,0.5818815331010453,1.0
mRNA_002239,iB_13274,TC033492,TC031935,78,0.23008849557522124,0.6964285714285714
mRNA_002252,mRNA_000330,TC031295,TC031296,326,0.7056277056277056,0.6950959488272921
mRNA_002253,iB_15730,TC015846,TC034747,148,0.6141078838174274,0.5849802371541502
mRNA_002255,iB_10523,TC005716,TC034838,167,0.4441489361702128,0.7076271186440678
mRNA_002260,iB_06961,TC004212,TC005206,194,0.41452991452991456,0.521505376344086
mRNA_002260,iB_17493,TC004212,TC002157,163,0.3482905982905983,0.7342342342342343
mRNA_002264,iB_16003,TC001859,TC004101,105,0.84,0.4751131221719457
mRNA_002267,iB_15437,TC010981,TC008591,141,0.5,0.7014925373134329
mRNA_002275,iB_17658,TC004905,TC006080,74,0.15071283095723015,0.6218487394957983
mRNA_002285,iB_01193,TC007450,TC008049,439,0.9300847457627118,0.9502164502164502
mRNA_002292,iB_10852,TC014545,TC033184,209,0.4372384937238494,1.0
mRNA_002298,mRNA_000157,TC002765,TC016145,121,0.5761904761904761,0.45318352059925093
mRNA_002301,iB_09354,TC005768,TC006361,211,0.8940677966101694,0.8307086614173228
mRNA_002309,iB_03226,TC000314,TC034291,225,0.9183673469387755,0.5056179775280899
mRNA_002318,mRNA_000158,TC033032,TC013970,75,0.3024193548387097,0.635593220338983
mRNA_002323,iB_00801,TC005079,TC032668,458,0.899803536345776,1.0
mRNA_002324,mRNA_001965,TC030959,TC031171,169,0.3611111111111111,0.7412280701754386
mRNA_002338,iB_10481,TC030054,TC033598,205,0.41836734693877553,1.0
mRNA_002340,iB_04701,TC009791,TC031200,158,0.6422764227642277,0.34051724137931033
mRNA_002356,iB_12615,TC005063,TC011483,167,0.30755064456721914,0.7422222222222222
mRNA_002394,iB_14435,TC031256,TC011496,56,0.3660130718954248,0.5045045045045045
mRNA_002413,iB_03704,TC004184,TC034935,154,0.7129629629629629,0.33624454148471616
mRNA_002413,iB_17655,TC004184,TC016138,63,0.2916666666666667,0.5121951219512195
mRNA_002420,iB_12967,TC015346,TC015423,126,0.5407725321888412,0.6146341463414634
mRNA_002443,iB_03703,TC031943,TC035038,343,0.6070796460176991,0.6634429400386848
mRNA_002452,iB_05403,TC013243,TC031153,238,1.0,0.519650655021834
mRNA_002460,iB_15515,TC034999,TC031948,206,0.4095427435387674,0.7984496124031008
mRNA_002469,iB_16399,TC006831,TC004201,117,0.5763546798029556,0.6964285714285714
mRNA_002476,iB_15382,TC033724,TC034810,130,0.52,0.6074766355140186
mRNA_002489,mRNA_000087,TC031852,TC030984,199,0.7834645669291339,0.8805309734513275
mRNA_002501,iB_08455,TC033287,TC035004,149,0.2754158964879852,0.7163461538461539
mRNA_002506,iB_14104,TC010227,TC006074,124,0.46616541353383456,0.5849056603773585
mRNA_002522,iB_15859,TC001395,TC034916,137,0.6715686274509803,1.0
mRNA_002535,mRNA_000119,TC031317,TC030937,54,0.7397260273972602,0.14594594594594595
mRNA_002546,iB_14038,TC005240,TC005059,200,0.8733624454148472,0.8695652173913043
mRNA_002556,iB_07386,TC002657,TC031693,235,1.0,0.4072790294627383
mRNA_002558,iB_15424,TC031716,TC009703,204,0.43312101910828027,1.0
mRNA_002561,iB_04025,TC005870,TC006277,313,0.657563025210084,0.663135593220339
mRNA_002571,iB_10816,TC006075,TC033503,142,0.6311111111111111,0.6761904761904762
mRNA_002580,iB_00407,TC004306,TC031333,187,0.85,0.3603082851637765
mRNA_002596,mRNA_000305,TC031217,TC031218,120,0.4878048780487805,0.5309734513274337
mRNA_002598,iB_16491,TC006145,TC006922,208,0.4,0.9122807017543859
mRNA_002598,mRNA_001471,TC006145,TC016184,110,0.21153846153846154,0.5188679245283019
mRNA_002601,mRNA_002268,TC010305,TC034945,220,0.8461538461538461,1.0
mRNA_002607,iB_07389,TC003219,TC032967,209,1.0,0.408203125
mRNA_002611,iB_08282,TC013515,TC031144,456,1.0,0.8941176470588236
mRNA_002612,iB_15623,TC030988,TC034548,276,0.5401174168297456,1.0
mRNA_002614,iB_06751,TC004254,TC009800,377,0.8195652173913044,0.7970401691331924
mRNA_002618,iB_07468,TC030328,TC031292,397,0.8428874734607219,0.7799607072691552
mRNA_002627,iB_04230,TC015306,TC033322,155,0.7635467980295566,0.35147392290249435
mRNA_002634,iB_10816,TC016169,TC033503,205,0.41836734693877553,0.9761904761904762
mRNA_002637,iB_16569,TC032088,TC000860,169,0.8125,0.7191489361702128
mRNA_002655,iB_15428,TC003412,TC030932,231,0.5088105726872246,1.0
mRNA_002665,iB_02524,TC015893,TC015956,291,1.0,0.5773809523809523
mRNA_002692,mRNA_002627,TC001484,TC015306,143,0.26579925650557623,0.7044334975369458
mRNA_002694,iB_16540,TC031008,TC033293,140,0.2783300198807157,0.5907172995780591
mRNA_002695,iB_16374,TC006959,TC005289,185,0.33697632058287796,0.9024390243902439
mRNA_002725,iB_06973,TC003635,TC016332,398,0.8824833702882483,0.7552182163187856
mRNA_002730,iB_15450,TC007262,TC008207,260,0.5273833671399595,1.0
mRNA_002751,iB_06789,TC004188,TC014952,223,1.0,0.4734607218683652
mRNA_002758,iB_15429,TC032278,TC031085,130,0.5220883534136547,0.7692307692307693
mRNA_002769,iB_06765,TC001497,TC031910,364,0.8544600938967136,0.9891304347826086
mRNA_002775,iB_16003,TC004337,TC004101,176,0.7892376681614349,0.7963800904977375
mRNA_002778,iB_08455,TC011590,TC035004,191,0.4089935760171306,0.9182692307692307
mRNA_002783,mRNA_001434,TC001429,TC001826,165,0.6991525423728814,0.35560344827586204
mRNA_002786,iB_16403,TC006077,TC006015,207,0.9627906976744186,0.75
mRNA_002806,iB_17048,TC006179,TC002176,105,0.5147058823529411,0.5223880597014925
mRNA_002818,iB_02543,TC016000,TC035038,83,0.7477477477477478,0.17584745762711865
mRNA_002823,iB_09134,TC030551,TC030698,215,0.4988399071925754,0.8531746031746031
mRNA_002827,iB_04518,TC008562,TC033905,268,0.5234375,0.5381526104417671
mRNA_002827,iB_16038,TC008562,TC005265,134,0.26171875,0.6536585365853659
mRNA_002827,mRNA_000540,TC008562,TC032975,201,0.392578125,1.0
mRNA_002831,iB_03332,TC001991,TC034493,236,1.0,0.48459958932238195
mRNA_002831,mRNA_000135,TC001991,TC005061,167,0.7076271186440678,0.328740157480315
mRNA_002832,iB_17559,TC015884,TC004411,114,0.5671641791044776,1.0
mRNA_002856,mRNA_000330,TC005019,TC031296,169,0.6575875486381323,0.3603411513859275
mRNA_002860,iB_02971,TC000071,TC032776,314,0.639511201629328,0.6528066528066528
mRNA_002871,iB_04346,TC032775,TC033563,208,1.0,0.4611973392461197
mRNA_002882,iB_04551,TC008846,TC009981,406,0.8638297872340426,0.9712918660287081
mRNA_002887,iB_00673,TC004259,TC032077,166,0.7942583732057417,0.3562231759656652
mRNA_002888,iB_16294,TC000149,TC003662,141,0.29313929313929316,0.7014925373134329
mRNA_002888,iB_17645,TC000149,TC031222,58,0.12058212058212059,0.5225225225225225
mRNA_002888,iB_17658,TC000149,TC006080,78,0.16216216216216217,0.6554621848739496
mRNA_002901,iB_03337,TC002264,TC002305,282,1.0,0.5936842105263158
mRNA_002910,iB_06644,TC031895,TC034939,193,0.7877551020408163,0.4080338266384778
mRNA_002928,iB_06774,TC031906,TC034966,308,0.5889101338432122,0.6814159292035398
mRNA_002934,iB_00355,TC002325,TC032951,122,0.5980392156862745,0.2687224669603524
mRNA_002935,iB_15947,TC030895,TC033324,209,0.45336225596529284,1.0
mRNA_002946,mRNA_000034,TC001386,TC001990,341,0.7239915074309978,0.7349137931034483
mRNA_002951,iB_03332,TC005063,TC034493,425,0.8673469387755102,0.8726899383983573
mRNA_002954,mRNA_001382,TC016169,TC001993,317,0.698237885462555,0.5914179104477612
mRNA_002956,iB_16956,TC002019,TC031301,62,0.13135593220338984,0.543859649122807
mRNA_002956,mRNA_000411,TC002019,TC031118,232,0.4915254237288136,0.8083623693379791
mRNA_002962,mRNA_001196,TC002033,TC002031,149,0.6622222222222223,0.3170212765957447
mRNA_002971,mRNA_000259,TC006929,TC031861,220,0.4247104247104247,1.0
mRNA_002985,mRNA_001503,TC031178,TC030959,163,0.35667396061269147,0.7244444444444444
mRNA_002989,mRNA_000065,TC001789,TC004255,109,0.23542116630669546,0.5190476190476191
mRNA_003032,iB_12901,TC033185,TC014547,240,0.5381165919282511,0.8362369337979094
mRNA_003048,iB_01634,TC009954,TC031206,302,0.6726057906458798,0.668141592920354
mRNA_003069,iB_07032,TC003789,TC034900,179,0.8905472636815921,0.38913043478260867
mRNA_003077,mRNA_000552,TC005063,TC005240,146,0.7192118226600985,0.37823834196891193
mRNA_003080,iB_04221,TC006833,TC034941,398,0.8824833702882483,0.8614718614718615
mRNA_003093,iB_16368,TC006920,TC001486,137,0.5930735930735931,0.5756302521008403
mRNA_003093,mRNA_000822,TC006920,TC000017,124,0.5367965367965368,0.26439232409381663
mRNA_003096,mRNA_001471,TC004212,TC016184,125,0.6218905472636815,0.589622641509434
mRNA_003130,iB_17478,TC001789,TC002329,73,0.16150442477876106,0.6033057851239669
mRNA_003133,mRNA_000274,TC012941,TC031310,6,1.0,0.03389830508474576
mRNA_003133,mRNA_002459,TC012941,TC002410,6,1.0,0.04225352112676056
mRNA_003165,iB_05761,TC015148,TC031345,285,1.0,0.5677290836653387
mRNA_003168,iB_10535,TC004941,TC004942,130,0.48507462686567165,0.5855855855855856
mRNA_003189,mRNA_000332,TC004307,TC016236,138,0.6448598130841121,0.30131004366812225
mRNA_003198,iB_03929,TC005244,TC034493,235,0.5153508771929824,0.4644268774703557
mRNA_003207,iB_01217,TC034100,TC034674,232,1.0,0.49572649572649574
mRNA_003214,iB_12077,TC016117,TC001821,113,0.2173076923076923,0.5621890547263682
mRNA_003247,mRNA_000272,TC006136,TC010710,202,1.0,0.390715667311412
mRNA_003253,mRNA_001357,TC006912,TC016324,209,0.7491039426523297,0.4418604651162791
mRNA_003262,iB_14652,TC033191,TC014567,121,0.4859437751004016,0.555045871559633
mRNA_003294,mRNA_002269,TC033020,TC031134,256,0.5009784735812133,0.4942084942084942
mRNA_003323,mRNA_001967,TC005151,TC005193,179,0.6937984496124031,0.3968957871396896
mRNA_003324,iB_03919,TC001789,TC032704,248,0.49899396378269617,0.505091649694501
mRNA_003343,iB_16351,TC005194,TC002326,253,0.4625228519195612,0.8754325259515571
mRNA_003343,iB_16505,TC005194,TC001857,122,0.2230347349177331,0.5041322314049587
mRNA_003352,iB_07728,TC006965,TC034914,417,0.912472647702407,0.7380530973451327
mRNA_003372,iB_15439,TC012138,TC034853,176,0.6470588235294118,0.8148148148148148
mRNA_003377,iB_06126,TC000492,TC030998,175,0.7641921397379913,0.4943502824858757
mRNA_003399,iB_03954,TC005455,TC006683,426,0.8658536585365854,0.9424778761061947
mRNA_003441,iB_05722,TC014907,TC033469,241,0.7507788161993769,0.501039501039501
mRNA_003451,iB_07373,TC000613,TC000967,484,1.0,0.9565217391304348
mRNA_003467,iB_16833,TC032554,TC002640,168,0.702928870292887,0.835820895522388
mRNA_003473,iB_03698,TC031484,TC035027,152,0.6816143497757847,0.3275862068965517
mRNA_003474,mRNA_002586,TC004225,TC004224,159,0.7429906542056075,0.6973684210526315
mRNA_003484,iB_00254,TC001472,TC035044,171,0.7772727272727272,0.34685598377281945
mRNA_003508,iB_16355,TC002798,TC032450,139,0.4384858044164038,0.5889830508474576
mRNA_003517,iB_00203,TC000992,TC000993,409,0.8872017353579176,0.9855421686746988
mRNA_003519,iB_01269,TC007805,TC007816,309,0.7339667458432304,0.6761487964989059
mRNA_003520,mRNA_002095,TC030973,TC002039,116,0.22179732313575526,0.5155555555555555
mRNA_003530,iB_06774,TC031905,TC034966,339,1.0,0.75
mRNA_003538,iB_16227,TC031898,TC031261,173,0.3333333333333333,0.8009259259259259
mRNA_003543,iB_06692,TC001405,TC034535,177,0.8232558139534883,0.37659574468085105
mRNA_003591,iB_06069,TC030780,TC032762,385,0.8369565217391305,0.7793522267206477
mRNA_003606,mRNA_001484,TC004269,TC011586,165,0.3548387096774194,0.8918918918918919
mRNA_003612,iB_16928,TC000600,TC000599,87,0.4943181818181818,0.7372881355932204
mRNA_003615,iB_15452,TC031864,TC033280,188,0.3436928702010969,0.8744186046511628
mRNA_003626,iB_00976,TC006014,TC033295,450,0.9656652360515021,0.9355509355509356
mRNA_003631,iB_01881,TC011712,TC012778,356,0.7574468085106383,1.0
mRNA_003680,iB_16312,TC016257,TC000036,129,0.27505330490405117,0.6649484536082474
mRNA_003696,iB_14687,TC015006,TC015008,142,0.27626459143968873,0.7064676616915423
mRNA_003716,iB_01885,TC011730,TC012754,325,0.6989247311827957,0.8419689119170984
mRNA_003729,iB_16929,TC004351,TC001858,131,0.2563600782778865,0.5282258064516129
mRNA_003765,iB_16312,TC011600,TC000036,133,0.2776617954070981,0.6855670103092784
mRNA_003777,iB_10229,TC015790,TC033449,120,0.37383177570093457,0.7453416149068323
mRNA_003833,mRNA_001427,TC031775,TC010687,155,0.31568228105906315,0.6512605042016807
mRNA_003835,iB_12172,TC009424,TC005042,135,0.5672268907563025,0.8282208588957055
mRNA_003840,mRNA_001378,TC034637,TC034828,23,0.92,0.10087719298245613
mRNA_003843,iB_05771,TC015187,TC015527,118,1.0,0.2559652928416486
mRNA_003863,iB_15348,TC007261,TC034659,153,0.32210526315789473,0.7611940298507462
mRNA_003873,iB_07673,TC005013,TC032967,256,0.5311203319502075,0.45714285714285713
mRNA_003900,mRNA_000419,TC012984,TC032519,142,0.6893203883495146,0.302771855010661
mRNA_003904,iB_03703,TC031737,TC035038,360,0.7114624505928854,0.6963249516441006
mRNA_003927,mRNA_001559,TC001825,TC001429,115,0.5450236966824644,0.22072936660268713
mRNA_003935,iB_09299,TC001659,TC001660,205,0.9715639810426541,0.9234234234234234
mRNA_003948,iB_04231,TC004353,TC031778,107,0.5169082125603864,0.21188118811881188
mRNA_003954,iB_10976,TC013248,TC013249,162,0.3176470588235294,0.7074235807860262
mRNA_003962,iB_08806,TC008623,TC010194,323,0.630859375,0.5767857142857142
mRNA_003970,iB_16486,TC031007,TC034932,107,0.5270935960591133,0.47555555555555556
mRNA_003976,iB_16416,TC005076,TC011591,95,0.8333333333333334,0.5080213903743316
mRNA_003993,iB_15752,TC031472,TC031471,187,0.37250996015936255,0.9303482587064676
mRNA_004042,mRNA_001369,TC034709,TC014694,123,0.5913461538461539,0.2668112798264642
mRNA_004063,mRNA_001227,TC031886,TC030958,108,0.20650095602294455,0.5192307692307693
mRNA_004083,iB_10091,TC013254,TC014551,154,0.7661691542288557,0.6905829596412556
mRNA_004088,iB_03891,TC031650,TC031715,153,0.5523465703971119,0.2892249527410208
mRNA_004088,mRNA_003422,TC031650,TC005019,178,0.6425992779783394,0.3463035019455253
mRNA_004118,mRNA_003035,TC006893,TC001812,112,0.509090909090909,0.24615384615384617
mRNA_004154,mRNA_003520,TC003603,TC030973,215,0.8269230769230769,0.4110898661567878
mRNA_004155,iB_05267,TC012555,TC034383,187,0.9257425742574258,0.4118942731277533
mRNA_004183,iB_03183,TC031838,TC035002,274,0.5425742574257426,0.683291770573566
mRNA_004200,iB_05726,TC009497,TC014931,195,0.6724137931034483,0.42669584245076586
mRNA_004221,iB_06943,TC002921,TC003522,223,1.0,0.43133462282398455
mRNA_004224,iB_17646,TC002765,TC016095,95,0.18774703557312253,0.8260869565217391
mRNA_004237,iB_05375,TC013039,TC014763,275,0.5913978494623656,0.565843621399177
mRNA_004248,iB_06765,TC031843,TC031910,368,0.8034934497816594,1.0
mRNA_004262,iB_03540,TC003331,TC031024,355,0.7186234817813765,0.7836644591611479
mRNA_004263,iB_15372,TC009478,TC034755,124,0.5462555066079295,0.5462555066079295
mRNA_004278,iB_07773,TC031203,TC034773,145,1.0,0.7360406091370558
mRNA_004307,iB_01100,TC004179,TC015454,290,0.625,0.5811623246492986
mRNA_004322,iB_06708,TC004264,TC034662,389,0.8401727861771058,0.8365591397849462
mRNA_004334,iB_05963,TC006957,TC034917,246,0.9425287356321839,0.6852367688022284
mRNA_004340,iB_05064,TC011626,TC015536,303,0.606,0.7013888888888888
mRNA_004353,iB_16342,TC032015,TC034545,213,0.5933147632311978,0.8838174273858921
mRNA_004364,iB_14521,TC012195,TC012886,119,0.25427350427350426,0.8561151079136691
mRNA_004378,iB_16465,TC005262,TC006878,112,1.0,0.7943262411347518
mRNA_004383,iB_07111,TC011045,TC011446,225,0.4966887417218543,0.5610972568578554
mRNA_004395,mRNA_001795,TC000601,TC000600,127,0.8523489932885906,0.4980392156862745
mRNA_004429,iB_13686,TC005019,TC016049,202,0.4297872340425532,0.8015873015873016
mRNA_004430,iB_03197,TC031730,TC031731,172,0.8775510204081632,0.3453815261044177
mRNA_004467,iB_16368,TC010232,TC001486,121,0.32266666666666666,0.5084033613445378
mRNA_004475,iB_01966,TC012323,TC034854,454,0.9557894736842105,0.9171717171717172
mRNA_004524,iB_02606,TC030605,TC030638,301,0.5594795539033457,1.0
mRNA_004541,iB_01811,TC011135,TC011347,281,1.0,0.5793814432989691
mRNA_004552,iB_07411,TC009341,TC009473,213,1.0,0.4234592445328032
mRNA_004596,iB_15379,TC010016,TC034800,207,0.40828402366863903,0.9324324324324325
mRNA_004616,iB_16614,TC032235,TC000283,147,0.6150627615062761,0.7241379310344828
mRNA_004620,iB_10543,TC000682,TC032095,173,0.35670103092783506,0.6313868613138686
mRNA_004645,mRNA_001857,TC001856,TC004349,91,0.7913043478260869,0.1948608137044968
mRNA_004699,iB_05199,TC012250,TC031226,110,0.5314009661835749,0.2422907488986784
mRNA_004702,iB_16294,TC002874,TC003662,114,0.2425531914893617,0.5671641791044776
mRNA_004756,iB_17559,TC030963,TC004411,80,0.3305785123966942,0.7017543859649122
mRNA_004798,iB_06527,TC012803,TC031250,421,0.9929245283018868,0.9152173913043479
mRNA_004821,iB_16003,TC032277,TC004101,201,0.4369565217391304,0.9095022624434389
mRNA_004822,iB_03922,TC005211,TC033924,211,0.9547511312217195,0.43775933609958506
mRNA_004825,mRNA_002205,TC005193,TC004348,83,0.16869918699186992,0.5724137931034483
mRNA_004841,mRNA_003749,TC010616,TC002323,144,0.7164179104477612,0.64
mRNA_004844,iB_16003,TC010683,TC004101,140,0.6896551724137931,0.6334841628959276
mRNA_004868,iB_07788,TC008558,TC031763,275,0.596529284164859,0.6723716381418093
mRNA_004876,iB_16460,TC000019,TC006144,174,0.8787878787878788,0.7565217391304347
mRNA_004886,iB_16228,TC032805,TC007445,132,0.2721649484536082,1.0
mRNA_004887,mRNA_000374,TC000722,TC000725,61,0.5446428571428571,0.25102880658436216
mRNA_004894,iB_10747,TC008525,TC010284,155,0.8333333333333334,0.7077625570776256
mRNA_004902,mRNA_000403,TC004226,TC002033,248,1.0,0.6138613861386139
mRNA_004908,iB_04804,TC034382,TC034963,122,1.0,0.3685800604229607
mRNA_004911,mRNA_001960,TC008278,TC032868,118,0.2616407982261641,1.0
mRNA_004941,iB_17559,TC030981,TC004411,96,0.45933014354066987,0.8421052631578947
mRNA_004994,iB_10897,TC006081,TC031267,228,0.4596774193548387,1.0
mRNA_005090,iB_07338,TC013188,TC014628,208,1.0,0.416
mRNA_005104,mRNA_001059,TC031535,TC010793,104,0.49760765550239233,0.5174129353233831
mRNA_005242,mRNA_002300,TC006947,TC006948,112,0.5,0.4375
mRNA_005304,mRNA_000528,TC016236,TC003422,143,0.55,0.26383763837638374
mRNA_005305,mRNA_001427,TC005152,TC010687,136,0.49635036496350365,0.5714285714285714
mRNA_005323,iB_07195,TC031891,TC032837,191,0.74609375,0.4179431072210066
mRNA_005352,iB_09306,TC005304,TC031294,230,0.46747967479674796,1.0
mRNA_005382,iB_16169,TC004184,TC031949,74,0.3645320197044335,0.5034013605442177
mRNA_005385,iB_12912,TC013198,TC014617,224,0.4163568773234201,1.0
mRNA_005407,mRNA_000882,TC033133,TC031147,210,1.0,0.4046242774566474
mRNA_005414,iB_06342,TC014947,TC030912,106,0.5145631067961165,0.23503325942350334
mRNA_005415,mRNA_005281,TC034614,TC031705,174,0.8656716417910447,0.8325358851674641
mRNA_005417,mRNA_001622,TC004208,TC031886,286,0.8101983002832861,0.6124197002141327
mRNA_005417,mRNA_004199,TC004208,TC031881,238,0.6742209631728046,0.5042372881355932
mRNA_005427,iB_14753,TC006912,TC016132,133,0.4784172661870504,0.6456310679611651
mRNA_005465,iB_15550,TC030551,TC034710,179,0.5070821529745042,0.8325581395348837
mRNA_005485,iB_06786,TC032711,TC033509,201,1.0,0.4843373493975904
mRNA_005487,iB_10467,TC005912,TC034005,194,0.8083333333333333,0.9371980676328503
mRNA_005505,mRNA_000102,TC031918,TC010212,149,0.32964601769911506,0.5983935742971888
mRNA_005544,mRNA_002507,TC012937,TC001319,250,0.6426735218508998,0.4930966469428008
mRNA_005571,mRNA_002190,TC016043,TC010687,156,0.7090909090909091,0.31771894093686354
mRNA_005593,iB_16059,TC012670,TC011835,152,0.5296167247386759,0.7916666666666666
mRNA_005602,iB_09180,TC033464,TC033465,217,0.5279805352798054,0.7777777777777778
mRNA_005636,mRNA_001715,TC033287,TC010633,122,0.2863849765258216,0.547085201793722
mRNA_005639,iB_09345,TC030662,TC033841,238,0.6761363636363636,1.0
mRNA_005650,iB_05723,TC033446,TC033447,374,0.827433628318584,0.7248062015503876
mRNA_005652,iB_13735,TC002376,TC031848,77,0.375609756097561,0.616
mRNA_005733,iB_16642,TC002234,TC010574,82,0.36771300448430494,0.5466666666666666
mRNA_005802,mRNA_005782,TC002160,TC002234,91,0.8198198198198198,0.4026548672566372
mRNA_005809,iB_07449,TC030192,TC032800,126,0.504,0.2490118577075099
mRNA_005835,iB_16458,TC001785,TC004247,134,0.3284313725490196,0.5214007782101168
mRNA_005839,iB_04455,TC032868,TC034669,214,0.5799457994579946,0.5107398568019093
mRNA_005862,iB_05706,TC005274,TC033479,137,0.6008771929824561,0.2778904665314402
mRNA_005862,mRNA_003968,TC005274,TC014837,228,1.0,0.4989059080962801
mRNA_005863,iB_15709,TC010390,TC032599,164,0.7922705314009661,0.7008547008547008
mRNA_005878,iB_07242,TC011008,TC011474,246,1.0,0.6795580110497238
mRNA_005901,iB_07408,TC031202,TC033716,451,1.0,0.855787476280835
mRNA_005943,iB_15425,TC010633,TC010632,107,0.2018867924528302,0.9469026548672567
mRNA_006005,iB_14876,TC010682,TC031300,80,0.1951219512195122,0.7079646017699115
mRNA_006005,mRNA_000571,TC010682,TC031256,84,0.2048780487804878,0.5526315789473685
mRNA_006017,iB_02576,TC016333,TC034253,212,0.5872576177285319,0.5260545905707196
mRNA_006062,iB_03749,TC004413,TC034993,231,1.0,0.4695121951219512
mRNA_006081,iB_07673,TC031661,TC032967,177,0.815668202764977,0.31607142857142856
mRNA_006092,iB_17074,TC012263,TC012202,76,0.36018957345971564,0.5352112676056338
mRNA_006109,iB_07725,TC016413,TC034953,317,0.6967032967032967,0.6469387755102041
mRNA_006137,mRNA_003174,TC030933,TC030947,72,0.2465753424657534,0.6371681415929203
mRNA_006137,mRNA_003814,TC030933,TC031256,202,0.6917808219178082,0.4938875305623472
mRNA_006140,iB_16302,TC033654,TC010582,131,0.279317697228145,0.6717948717948717
mRNA_006203,mRNA_002430,TC003219,TC008579,242,0.4540337711069418,0.5307017543859649
mRNA_006221,mRNA_001517,TC030967,TC031163,64,0.2612244897959184,0.5161290322580645
mRNA_006294,mRNA_000335,TC031843,TC008560,134,0.6633663366336634,0.324455205811138
mRNA_006297,mRNA_004154,TC032426,TC003603,155,0.41005291005291006,0.5961538461538461
mRNA_006302,iB_04560,TC008900,TC009942,228,1.0,0.48
mRNA_006303,mRNA_004207,TC005060,TC005244,146,0.6239316239316239,0.6488888888888888
mRNA_006320,iB_17482,TC002023,TC005256,212,0.3925925925925926,1.0
mRNA_006324,iB_00828,TC005322,TC006807,283,0.7526595744680851,0.6072961373390557
mRNA_006335,iB_16263,TC010304,TC034962,150,0.2964426877470356,1.0
mRNA_006348,iB_13018,TC034104,TC016078,195,0.3979591836734694,0.7142857142857143
mRNA_006349,iB_13653,TC032982,TC010692,168,0.34710743801652894,0.7368421052631579
mRNA_006356,iB_04034,TC005906,TC005907,351,0.7076612903225806,0.7714285714285715
mRNA_006393,mRNA_002034,TC031259,TC030973,105,0.41338582677165353,0.5023923444976076
mRNA_006425,iB_00762,TC004751,TC004752,333,0.7286652078774617,0.6713709677419355
mRNA_006444,iB_05704,TC031850,TC031851,440,0.9932279909706546,0.9282700421940928
mRNA_006466,mRNA_001540,TC001055,TC030947,115,1.0,0.5275229357798165
mRNA_006499,iB_10719,TC005859,TC034024,131,0.26464646464646463,0.5822222222222222
mRNA_006513,mRNA_004379,TC031881,TC003603,119,0.23333333333333334,0.569377990430622
mRNA_006585,iB_14807,TC011516,TC030555,134,0.3228915662650602,1.0
mRNA_006614,iB_04646,TC031174,TC009507,134,0.575107296137339,0.3052391799544419
mRNA_006628,iB_05192,TC012212,TC031227,258,0.80625,0.6172248803827751
mRNA_006658,iB_16374,TC006002,TC005289,145,0.6359649122807017,0.7073170731707317
mRNA_006682,iB_15433,TC001595,TC002036,59,0.44696969696969696,1.0
mRNA_006691,iB_05702,TC014825,TC032690,279,1.0,0.5304182509505704
mRNA_006735,iB_07262,TC007002,TC008524,226,1.0,0.49344978165938863
mRNA_006860,iB_03900,TC005083,TC033499,300,0.6637168141592921,0.7246376811594203
mRNA_006965,mRNA_000239,TC010742,TC031828,130,0.7142857142857143,0.25440313111545987
mRNA_006985,iB_06162,TC002934,TC003501,229,1.0,0.4232902033271719
mRNA_007002,iB_12247,TC006372,TC006371,155,0.695067264573991,1.0
mRNA_007005,mRNA_003035,TC006957,TC001812,313,0.9936507936507937,0.6879120879120879
mRNA_007021,iB_05893,TC015782,TC015783,317,0.6026615969581749,1.0
mRNA_007044,iB_08185,TC031979,TC033279,90,0.8108108108108109,0.16635859519408502
mRNA_007087,iB_15274,TC005726,TC034073,132,0.5217391304347826,0.5569620253164557
mRNA_007093,iB_10781,TC031993,TC010338,106,0.4930232558139535,0.5196078431372549
mRNA_007158,iB_15482,TC000725,TC030990,106,0.21544715447154472,0.5120772946859904
mRNA_007158,mRNA_000578,TC000725,TC000723,104,0.21138211382113822,0.5024154589371981
mRNA_007164,iB_16598,TC005194,TC005156,116,0.2572062084257206,1.0
mRNA_007183,iB_03707,TC004221,TC034907,303,0.6644736842105263,0.7336561743341404
mRNA_007204,mRNA_001084,TC002156,TC002152,131,0.5346938775510204,0.32425742574257427
mRNA_007255,iB_13557,TC032887,TC034671,216,0.463519313304721,0.9310344827586207
mRNA_007256,mRNA_003814,TC002019,TC031256,114,0.5089285714285714,0.2787286063569682
mRNA_007270,mRNA_006982,TC005151,TC031260,130,0.5603448275862069,0.28322440087145967
mRNA_007287,iB_16439,TC004170,TC006962,96,0.631578947368421,0.40336134453781514
mRNA_007296,iB_16929,TC002042,TC001858,208,0.4611973392461197,0.8387096774193549
mRNA_007308,iB_16119,TC031558,TC004771,191,0.3890020366598778,0.7074074074074074
mRNA_007323,iB_03326,TC004352,TC035031,206,0.9716981132075472,0.44017094017094016
mRNA_007350,mRNA_000237,TC009398,TC009404,119,0.952,0.24947589098532494
mRNA_007356,mRNA_001167,TC012513,TC030923,275,0.6097560975609756,0.6084070796460177
mRNA_007378,mRNA_006622,TC009099,TC033662,88,0.5827814569536424,0.2558139534883721
mRNA_007388,iB_06784,TC031603,TC034634,261,0.5127701375245579,0.5661605206073753
mRNA_007392,iB_00193,TC000941,TC000944,223,0.4911894273127753,0.5412621359223301
mRNA_007436,iB_10884,TC030113,TC033212,159,0.7718446601941747,0.6824034334763949
mRNA_007482,iB_06746,TC015964,TC033808,453,0.867816091954023,0.9476987447698745
mRNA_007497,iB_10476,TC004808,TC031971,154,0.33624454148471616,0.7031963470319634
mRNA_007525,mRNA_002990,TC004208,TC015850,124,0.2701525054466231,0.5391304347826087
mRNA_007525,mRNA_005794,TC004208,TC033486,114,0.24836601307189543,0.5377358490566038
mRNA_007545,iB_00140,TC000610,TC000973,410,0.8436213991769548,1.0
mRNA_007564,iB_01951,TC012219,TC034855,327,0.697228144989339,0.9263456090651558
mRNA_007568,iB_16999,TC006893,TC006601,123,0.25840336134453784,0.6119402985074627
mRNA_007579,iB_14983,TC031906,TC032151,138,0.6731707317073171,0.5702479338842975
mRNA_007641,iB_10086,TC013338,TC013339,119,0.5804878048780487,0.5107296137339056
mRNA_007647,iB_06782,TC006904,TC032660,202,1.0,0.43628509719222464
mRNA_007680,iB_03907,TC005107,TC015778,209,0.954337899543379,0.3891992551210428
mRNA_007700,iB_00772,TC004823,TC031962,387,0.7724550898203593,0.8012422360248447
mRNA_007736,mRNA_005725,TC004090,TC034100,366,0.6918714555765595,0.773784355179704
mRNA_007740,mRNA_001185,TC004208,TC035003,209,0.40192307692307694,1.0
mRNA_007774,iB_07738,TC031704,TC034202,352,0.7702407002188184,0.6164623467600701
mRNA_007886,iB_17013,TC001429,TC001406,184,0.773109243697479,0.7863247863247863
mRNA_007901,iB_15438,TC002033,TC005144,131,0.2823275862068966,0.5481171548117155
mRNA_007918,mRNA_001791,TC032863,TC007218,128,0.540084388185654,0.2838137472283814
mRNA_007939,iB_15944,TC001793,TC031911,76,0.6551724137931034,0.36363636363636365
mRNA_007957,iB_14442,TC006136,TC011578,137,0.48928571428571427,0.8404907975460123
mRNA_008019,iB_13880,TC002657,TC002321,183,0.40043763676148797,0.8551401869158879
mRNA_008073,iB_02353,TC033446,TC033445,117,0.5652173913043478,0.2554585152838428
mRNA_008087,iB_17256,TC005296,TC035000,107,0.21616161616161617,0.5404040404040404
mRNA_008096,iB_03255,TC001793,TC008492,172,0.5714285714285714,0.36673773987206826
mRNA_008123,mRNA_000746,TC004170,TC002037,153,0.7611940298507462,0.30784708249496984
mRNA_008159,iB_07723,TC001990,TC034537,223,1.0,0.4346978557504873
mRNA_008232,iB_13736,TC030281,TC004248,154,0.7549019607843137,0.6311475409836066
mRNA_008322,iB_16993,TC031776,TC031282,131,0.2481060606060606,0.7660818713450293
mRNA_008373,mRNA_000171,TC003265,TC003188,128,0.5739910313901345,0.27586206896551724
mRNA_008383,iB_08184,TC030972,TC032964,163,0.7836538461538461,0.3214990138067061
mRNA_008411,iB_07638,TC031589,TC031914,282,0.6,0.698019801980198
mRNA_008433,iB_07768,TC031845,TC034914,259,1.0,0.518
mRNA_008564,mRNA_002337,TC034211,TC010633,212,0.5668449197860963,0.41568627450980394
mRNA_008590,mRNA_006238,TC031661,TC034203,189,0.9086538461538461,0.4701492537313433
mRNA_008700,iB_09675,TC000380,TC001172,185,0.34450651769087526,0.7034220532319392
mRNA_008707,iB_15423,TC015807,TC002355,120,0.5042016806722689,0.967741935483871
mRNA_008767,iB_12530,TC006893,TC010302,127,0.3009478672985782,0.5906976744186047
mRNA_008796,iB_00781,TC004881,TC004882,280,0.7909604519774012,0.6021505376344086
mRNA_008845,iB_08234,TC014049,TC031140,205,1.0,0.45657015590200445
mRNA_008892,iB_16638,TC009398,TC001494,113,0.22420634920634921,0.6726190476190477
mRNA_008937,iB_04222,TC006832,TC031899,210,1.0,0.43209876543209874
mRNA_009068,iB_03934,TC031884,TC032976,343,0.7313432835820896,0.7489082969432315
mRNA_009070,iB_14529,TC031360,TC012938,220,0.4230769230769231,0.8461538461538461
mRNA_009081,iB_15042,TC003903,TC032629,136,0.6267281105990783,0.576271186440678
mRNA_009217,iB_15649,TC033228,TC033229,220,0.43824701195219123,1.0
mRNA_009282,iB_16993,TC034104,TC031282,123,0.25894736842105265,0.7192982456140351
mRNA_009311,iB_16975,TC031850,TC032624,114,0.228,1.0
mRNA_009320,iB_14704,TC030931,TC015267,68,0.3148148148148148,0.6071428571428571
mRNA_009325,mRNA_005467,TC004787,TC031554,112,0.5333333333333333,0.22626262626262628
mRNA_009410,iB_09574,TC031906,TC035032,184,0.6764705882352942,0.7829787234042553
mRNA_009432,iB_15352,TC032868,TC034668,202,0.42171189979123175,0.9181818181818182
mRNA_009447,iB_09337,TC030243,TC031208,112,0.2793017456359102,0.5463414634146342
mRNA_009541,iB_07383,TC002186,TC031262,462,1.0,0.84
mRNA_009561,iB_13058,TC030892,TC030145,207,0.3777372262773723,0.9951923076923077
mRNA_009575,mRNA_008791,TC006397,TC006398,112,0.5572139303482587,0.24347826086956523
mRNA_009650,iB_15732,TC032633,TC034970,127,0.49034749034749037,0.5247933884297521
mRNA_009674,iB_00342,TC002185,TC002192,365,0.7733050847457628,0.7832618025751072
mRNA_009691,iB_13191,TC030960,TC030878,178,0.3877995642701525,0.8054298642533937
mRNA_009855,iB_01027,TC034028,TC034030,278,0.5548902195608783,0.7413333333333333
mRNA_009910,mRNA_002224,TC031244,TC012513,178,0.3771186440677966,0.5460122699386503
mRNA_009981,iB_06737,TC001054,TC034967,285,0.8482142857142857,0.6142241379310345
mRNA_010228,iB_05963,TC031897,TC034917,105,0.5121951219512195,0.2924791086350975
mRNA_010241,mRNA_000411,TC001661,TC031118,148,0.2829827915869981,0.5156794425087108
mRNA_010293,iB_10944,TC002592,TC031853,108,0.7105263157894737,0.5242718446601942
mRNA_010349,iB_03679,TC033892,TC033893,370,0.7551020408163265,0.8078602620087336
mRNA_010523,mRNA_000867,TC006929,TC006014,196,0.42516268980477223,1.0
mRNA_010670,iB_03236,TC001706,TC001707,114,1.0,0.2336065573770492
mRNA_010695,iB_16814,TC004087,TC001649,84,0.35,0.525
mRNA_010718,mRNA_002907,TC002448,TC032666,109,0.5046296296296297,0.5069767441860465
mRNA_010735,iB_10519,TC003118,TC003335,160,0.7142857142857143,0.7920792079207921
mRNA_010787,mRNA_000675,TC033297,TC031258,87,0.5686274509803921,0.24645892351274787
mRNA_010805,iB_04903,TC031600,TC035031,233,0.516629711751663,0.4251824817518248
mRNA_010975,iB_16366,TC001490,TC001488,149,0.9141104294478528,0.58203125
mRNA_011032,iB_03730,TC031775,TC034492,160,0.7048458149779736,0.37735849056603776
mRNA_011130,iB_09893,TC004677,TC004690,207,0.3812154696132597,1.0
mRNA_011189,mRNA_000745,TC010710,TC004189,199,0.4326086956521739,0.6838487972508591
mRNA_011390,mRNA_010372,TC004347,TC005196,64,0.5517241379310345,0.13675213675213677
mRNA_011493,iB_12092,TC005211,TC002205,195,0.3987730061349693,0.9112149532710281
mRNA_011523,iB_16535,TC005193,TC002028,60,0.24896265560165975,0.5217391304347826
mRNA_011543,mRNA_002066,TC032035,TC030988,174,0.35655737704918034,0.5723684210526315
mRNA_011567,mRNA_002796,TC031661,TC031602,144,0.3031578947368421,0.7164179104477612
mRNA_011581,mRNA_001704,TC005110,TC004173,105,0.5172413793103449,0.20348837209302326
mRNA_011615,iB_07622,TC012093,TC012392,326,0.692144373673036,0.6269230769230769
mRNA_011634,iB_07244,TC008402,TC032943,231,0.5088105726872246,0.49892008639308855
mRNA_011695,iB_15409,TC031906,TC034967,213,0.4329268292682927,1.0
mRNA_011841,iB_00289,TC001720,TC001739,159,1.0,0.32515337423312884
mRNA_011930,iB_16480,TC003635,TC004091,66,0.584070796460177,0.4714285714285714
mRNA_011936,iB_16611,TC000006,TC002153,62,0.11900191938579655,0.5299145299145299
mRNA_012002,iB_10768,TC030344,TC033018,146,0.3048016701461378,0.5593869731800766
mRNA_012114,iB_04033,TC005904,TC031275,444,0.8538461538461538,0.9694323144104804
mRNA_012348,mRNA_003777,TC015789,TC015790,143,0.7079207920792079,0.4454828660436137
mRNA_012580,iB_03797,TC031558,TC031559,327,0.6449704142011834,0.6728395061728395
mRNA_012605,iB_17610,TC015228,TC004040,122,0.580952380952381,0.5104602510460251
mRNA_012838,iB_14947,TC001826,TC031788,110,0.22044088176352705,0.5164319248826291
mRNA_012855,iB_07768,TC005013,TC034914,214,1.0,0.428
mRNA_012883,iB_15528,TC007022,TC032900,83,0.5928571428571429,0.31086142322097376
mRNA_012952,iB_10056,TC031147,TC033134,112,0.4148148148148148,0.5045045045045045
mRNA_012983,iB_04416,TC007475,TC008017,70,0.603448275862069,0.15418502202643172
mRNA_013101,iB_04521,TC008582,TC031615,174,0.7733333333333333,0.3663157894736842
mRNA_013229,iB_01983,TC012481,TC034875,159,0.6597510373443983,0.3063583815028902
mRNA_013649,mRNA_003086,TC031898,TC015983,108,0.2155688622754491,0.6708074534161491
mRNA_013673,iB_16598,TC004348,TC005156,61,0.11730769230769231,0.5258620689655172
mRNA_013692,iB_16129,TC034519,TC014206,150,0.3191489361702128,0.8287292817679558
mRNA_013921,iB_04235,TC000032,TC006903,378,0.8362831858407079,0.9197080291970803
mRNA_013951,iB_00306,TC004352,TC032968,156,0.6842105263157895,0.41160949868073876
mRNA_014003,mRNA_000924,TC031303,TC016000,84,0.525,0.3559322033898305
mRNA_014005,iB_04309,TC007300,TC008190,227,0.9912663755458515,0.490280777537797
mRNA_014085,iB_09323,TC015369,TC034714,142,0.2669172932330827,0.6454545454545455
mRNA_014130,mRNA_013526,TC008558,TC012927,294,0.7241379310344828,0.6150627615062761
mRNA_014215,iB_07728,TC031670,TC034914,270,1.0,0.4778761061946903
mRNA_014297,mRNA_004852,TC014838,TC004997,124,0.3803680981595092,0.5391304347826087
mRNA_014483,iB_15418,TC034203,TC035036,225,0.44204322200392926,1.0
mRNA_014508,iB_17412,TC002657,TC001953,92,0.18969072164948453,0.8070175438596491
mRNA_014518,mRNA_000544,TC034203,TC030967,5,1.0,0.043859649122807015
mRNA_014518,mRNA_001030,TC034203,TC031662,5,1.0,0.032467532467532464
mRNA_014658,iB_07940,TC016199,TC016227,118,0.5566037735849056,0.23552894211576847
mRNA_014791,mRNA_003566,TC032232,TC032233,313,0.6789587852494577,0.6374745417515275
