kmer,log2_positive_background_ratio
CGC,-0.24879575911996193
GCG,-0.2121491212832798
AAA,-0.18006749198580393
CGG,-0.17376390022041238
CCG,-0.1706521640835935
TAA,-0.13609080117135644
CCC,-0.13335644965316454
ATA,-0.13133696091945674
AAT,-0.07313535665190758
TCG,-0.06218775606204228
GCC,-0.05738865080827802
CAT,-0.056065248229704136
TTT,-0.051531894727313766
TCT,-0.050520826823607416
GGC,-0.04689432776518788
AGA,-0.04245088537844034
CTC,-0.0423009541998926
ACC,-0.03887808157834733
TCC,-0.03440354740476199
TAT,-0.03246842880671279
ATC,-0.031229584221020783
CGT,-0.03058459481987768
CAC,-0.028270079218668708
GCA,-0.02783742443834815
TTC,-0.024786616292134134
TAG,-0.01825485867021866
TTA,-0.010711200257362193
TGC,-0.009575949644571492
ATT,-0.009103686911634995
AGC,-0.0059502345132084935
GTC,-0.0055194726390798395
GCT,-0.004809392493995131
CTA,-0.0008190792378850315
GTA,-0.00030972889178983756
CAG,0.003607233313518585
GGG,0.006285300552328085
CCT,0.007417713630418357
ACA,0.014378261336105296
GGT,0.017322783032368012
CCA,0.018496123617858982
CTG,0.025846541748636338
AAC,0.031676605838389084
TCA,0.03234137898986944
GAA,0.03902387683238388
CTT,0.04050104437148962
ATG,0.0462238735898753
CGA,0.0486612805184754
GAC,0.05498007500145922
TAC,0.06152586155592965
GGA,0.06339614961000223
CAA,0.06755416258166151
GAG,0.06999262383346659
ACG,0.07255738127570516
ACT,0.0744943732245482
AGG,0.07716904262369982
AAG,0.07830991231418884
GAT,0.07839785057768517
GTG,0.08367513897001529
TGT,0.09181807418704159
TGG,0.10907500438110997
GTT,0.16159059430386052
TGA,0.17335616261245654
AGT,0.17746793868018257
TTG,0.18571400150198822
